-- MySQL dump 10.13  Distrib 5.7.25, for Linux (x86_64)
--
-- Host: localhost    Database: attendance
-- ------------------------------------------------------
-- Server version	5.7.25-0ubuntu0.18.04.2

/*!40101 SET @OLD_CHARACTER_SET_CLIENT=@@CHARACTER_SET_CLIENT */;
/*!40101 SET @OLD_CHARACTER_SET_RESULTS=@@CHARACTER_SET_RESULTS */;
/*!40101 SET @OLD_COLLATION_CONNECTION=@@COLLATION_CONNECTION */;
/*!40101 SET NAMES utf8 */;
/*!40103 SET @OLD_TIME_ZONE=@@TIME_ZONE */;
/*!40103 SET TIME_ZONE='+00:00' */;
/*!40014 SET @OLD_UNIQUE_CHECKS=@@UNIQUE_CHECKS, UNIQUE_CHECKS=0 */;
/*!40014 SET @OLD_FOREIGN_KEY_CHECKS=@@FOREIGN_KEY_CHECKS, FOREIGN_KEY_CHECKS=0 */;
/*!40101 SET @OLD_SQL_MODE=@@SQL_MODE, SQL_MODE='NO_AUTO_VALUE_ON_ZERO' */;
/*!40111 SET @OLD_SQL_NOTES=@@SQL_NOTES, SQL_NOTES=0 */;

--
-- Table structure for table `attendances`
--

DROP TABLE IF EXISTS `attendances`;
/*!40101 SET @saved_cs_client     = @@character_set_client */;
/*!40101 SET character_set_client = utf8 */;
CREATE TABLE `attendances` (
  `id` int(10) unsigned NOT NULL AUTO_INCREMENT,
  `date` date NOT NULL,
  `employee_id` int(10) unsigned NOT NULL,
  `created_at` timestamp NULL DEFAULT NULL,
  `updated_at` timestamp NULL DEFAULT NULL,
  PRIMARY KEY (`id`),
  KEY `attendances_employee_id_foreign` (`employee_id`),
  CONSTRAINT `attendances_employee_id_foreign` FOREIGN KEY (`employee_id`) REFERENCES `employees` (`id`)
) ENGINE=InnoDB AUTO_INCREMENT=145 DEFAULT CHARSET=utf8 COLLATE=utf8_unicode_ci;
/*!40101 SET character_set_client = @saved_cs_client */;

--
-- Dumping data for table `attendances`
--

LOCK TABLES `attendances` WRITE;
/*!40000 ALTER TABLE `attendances` DISABLE KEYS */;
INSERT INTO `attendances` VALUES (1,'2016-08-14',57,'2016-09-18 17:50:26','2016-09-18 17:50:26'),(2,'2016-08-21',57,'2016-09-18 17:50:34','2016-09-18 17:50:34'),(5,'2016-11-06',57,'2016-12-15 02:30:07','2016-12-15 02:30:07'),(6,'2016-11-13',57,'2016-12-15 02:30:08','2016-12-15 02:30:08'),(7,'2016-11-20',57,'2016-12-15 02:30:10','2016-12-15 02:30:10'),(8,'2016-11-27',57,'2016-12-15 02:30:12','2016-12-15 02:30:12'),(14,'2016-11-06',49,'2016-12-15 02:31:07','2016-12-15 02:31:07'),(15,'2016-11-13',49,'2016-12-15 02:31:08','2016-12-15 02:31:08'),(16,'2016-11-20',49,'2016-12-15 02:31:09','2016-12-15 02:31:09'),(17,'2016-11-27',49,'2016-12-15 02:31:11','2016-12-15 02:31:11'),(18,'2016-11-06',48,'2016-12-15 02:31:21','2016-12-15 02:31:21'),(19,'2016-11-13',48,'2016-12-15 02:31:22','2016-12-15 02:31:22'),(20,'2016-11-20',48,'2016-12-15 02:31:23','2016-12-15 02:31:23'),(21,'2016-11-27',48,'2016-12-15 02:31:24','2016-12-15 02:31:24'),(22,'2016-11-06',264,'2016-12-15 02:31:33','2016-12-15 02:31:33'),(23,'2016-11-13',264,'2016-12-15 02:31:34','2016-12-15 02:31:34'),(24,'2016-11-20',264,'2016-12-15 02:31:36','2016-12-15 02:31:36'),(25,'2016-11-06',63,'2016-12-15 02:31:46','2016-12-15 02:31:46'),(26,'2016-11-13',63,'2016-12-15 02:31:47','2016-12-15 02:31:47'),(27,'2016-11-20',63,'2016-12-15 02:31:48','2016-12-15 02:31:48'),(28,'2016-11-27',63,'2016-12-15 02:31:50','2016-12-15 02:31:50'),(29,'2016-11-06',50,'2016-12-15 02:31:51','2016-12-15 02:31:51'),(30,'2016-11-13',50,'2016-12-15 02:31:52','2016-12-15 02:31:52'),(31,'2016-11-20',50,'2016-12-15 02:31:54','2016-12-15 02:31:54'),(32,'2016-11-27',50,'2016-12-15 02:31:55','2016-12-15 02:31:55'),(33,'2016-11-13',261,'2016-12-15 02:32:59','2016-12-15 02:32:59'),(34,'2016-11-20',261,'2016-12-15 02:33:00','2016-12-15 02:33:00'),(39,'2016-11-06',52,'2016-12-15 02:33:20','2016-12-15 02:33:20'),(40,'2016-11-13',52,'2016-12-15 02:33:21','2016-12-15 02:33:21'),(41,'2016-11-20',52,'2016-12-15 02:33:22','2016-12-15 02:33:22'),(42,'2016-11-27',52,'2016-12-15 02:33:23','2016-12-15 02:33:23'),(43,'2016-11-06',64,'2016-12-15 02:33:30','2016-12-15 02:33:30'),(44,'2016-11-13',64,'2016-12-15 02:33:30','2016-12-15 02:33:30'),(45,'2016-11-20',64,'2016-12-15 02:33:31','2016-12-15 02:33:31'),(46,'2016-11-27',64,'2016-12-15 02:33:33','2016-12-15 02:33:33'),(47,'2016-11-06',51,'2016-12-15 02:33:38','2016-12-15 02:33:38'),(48,'2016-11-13',51,'2016-12-15 02:33:40','2016-12-15 02:33:40'),(49,'2016-11-20',51,'2016-12-15 02:33:41','2016-12-15 02:33:41'),(50,'2016-11-27',51,'2016-12-15 02:33:42','2016-12-15 02:33:42'),(58,'2016-11-06',54,'2016-12-15 02:34:15','2016-12-15 02:34:15'),(59,'2016-11-20',54,'2016-12-15 02:34:16','2016-12-15 02:34:16'),(60,'2016-11-27',54,'2016-12-15 02:34:17','2016-12-15 02:34:17'),(71,'2016-11-06',56,'2016-12-15 02:35:02','2016-12-15 02:35:02'),(72,'2016-11-13',56,'2016-12-15 02:35:02','2016-12-15 02:35:02'),(73,'2016-11-20',56,'2016-12-15 02:35:04','2016-12-15 02:35:04'),(75,'2016-11-06',343,'2016-12-15 02:37:50','2016-12-15 02:37:50'),(76,'2016-11-13',343,'2016-12-15 02:37:55','2016-12-15 02:37:55'),(77,'2016-11-20',343,'2016-12-15 02:38:09','2016-12-15 02:38:09'),(78,'2016-11-06',352,'2016-12-15 02:38:25','2016-12-15 02:38:25'),(79,'2016-11-13',352,'2016-12-15 02:38:50','2016-12-15 02:38:50'),(80,'2016-11-20',352,'2016-12-15 02:38:55','2016-12-15 02:38:55'),(81,'2016-11-13',324,'2016-12-15 02:39:19','2016-12-15 02:39:19'),(82,'2016-11-06',323,'2016-12-15 02:40:03','2016-12-15 02:40:03'),(83,'2016-11-13',346,'2016-12-15 02:42:38','2016-12-15 02:42:38'),(84,'2016-11-27',336,'2016-12-15 02:49:02','2016-12-15 02:49:02'),(85,'2016-11-06',235,'2016-12-15 02:49:03','2016-12-15 02:49:03'),(86,'2016-11-13',339,'2016-12-15 02:49:03','2016-12-15 02:49:03'),(87,'2016-11-13',235,'2016-12-15 02:49:03','2016-12-15 02:49:03'),(88,'2016-11-06',336,'2016-12-15 02:49:03','2016-12-15 02:49:03'),(89,'2016-11-20',339,'2016-12-15 02:49:04','2016-12-15 02:49:04'),(90,'2016-11-06',162,'2016-12-15 02:49:06','2016-12-15 02:49:06'),(91,'2016-11-13',162,'2016-12-15 02:49:17','2016-12-15 02:49:17'),(92,'2016-11-20',162,'2016-12-15 02:49:22','2016-12-15 02:49:22'),(93,'2016-11-27',162,'2016-12-15 02:49:27','2016-12-15 02:49:27'),(94,'2016-11-06',155,'2016-12-15 02:49:27','2016-12-15 02:49:27'),(95,'2016-11-13',155,'2016-12-15 02:49:27','2016-12-15 02:49:27'),(96,'2016-11-20',155,'2016-12-15 02:49:27','2016-12-15 02:49:27'),(97,'2016-11-06',38,'2016-12-15 02:50:47','2016-12-15 02:50:47'),(98,'2016-11-20',214,'2016-12-15 02:57:17','2016-12-15 02:57:17'),(99,'2016-11-27',214,'2016-12-15 02:57:19','2016-12-15 02:57:19'),(100,'2016-11-13',216,'2016-12-15 02:58:43','2016-12-15 02:58:43'),(101,'2016-11-20',216,'2016-12-15 02:58:43','2016-12-15 02:58:43'),(102,'2016-11-13',204,'2016-12-15 02:59:00','2016-12-15 02:59:00'),(103,'2016-11-13',218,'2016-12-15 02:59:01','2016-12-15 02:59:01'),(104,'2016-11-20',218,'2016-12-15 02:59:08','2016-12-15 02:59:08'),(105,'2016-11-06',210,'2016-12-15 02:59:08','2016-12-15 02:59:08'),(106,'2016-11-06',223,'2016-12-15 02:59:25','2016-12-15 02:59:25'),(107,'2016-11-13',223,'2016-12-15 02:59:41','2016-12-15 02:59:41'),(108,'2016-11-20',223,'2016-12-15 02:59:41','2016-12-15 02:59:41'),(109,'2016-11-06',209,'2016-12-15 02:59:41','2016-12-15 02:59:41'),(110,'2016-11-13',209,'2016-12-15 02:59:41','2016-12-15 02:59:41'),(111,'2016-11-20',209,'2016-12-15 02:59:42','2016-12-15 02:59:42'),(112,'2016-11-06',203,'2016-12-15 02:59:44','2016-12-15 02:59:44'),(113,'2016-11-13',203,'2016-12-15 02:59:45','2016-12-15 02:59:45'),(114,'2016-11-20',203,'2016-12-15 02:59:45','2016-12-15 02:59:45'),(115,'2016-11-06',215,'2016-12-15 02:59:45','2016-12-15 02:59:45'),(116,'2016-11-13',215,'2016-12-15 02:59:45','2016-12-15 02:59:45'),(117,'2016-11-20',215,'2016-12-15 02:59:45','2016-12-15 02:59:45'),(118,'2016-11-13',71,'2016-12-15 02:59:46','2016-12-15 02:59:46'),(119,'2016-11-20',71,'2016-12-15 02:59:47','2016-12-15 02:59:47'),(120,'2016-11-06',71,'2016-12-15 02:59:47','2016-12-15 02:59:47'),(121,'2016-11-06',197,'2016-12-15 02:59:48','2016-12-15 02:59:48'),(122,'2016-11-13',197,'2016-12-15 02:59:48','2016-12-15 02:59:48'),(123,'2016-11-06',213,'2016-12-15 02:59:49','2016-12-15 02:59:49'),(124,'2016-11-13',213,'2016-12-15 02:59:50','2016-12-15 02:59:50'),(125,'2016-11-20',213,'2016-12-15 03:00:12','2016-12-15 03:00:12'),(126,'2016-11-06',72,'2016-12-15 03:00:21','2016-12-15 03:00:21'),(127,'2016-11-13',72,'2016-12-15 03:00:39','2016-12-15 03:00:39'),(128,'2016-11-06',183,'2016-12-15 03:12:23','2016-12-15 03:12:23'),(129,'2016-11-20',297,'2016-12-15 03:13:08','2016-12-15 03:13:08'),(130,'2016-11-20',288,'2016-12-15 03:13:27','2016-12-15 03:13:27'),(131,'2016-11-27',297,'2016-12-15 03:14:27','2016-12-15 03:14:27'),(132,'2017-06-04',252,'2017-07-23 15:56:41','2017-07-23 15:56:41'),(140,'2018-09-23',252,'2018-09-09 17:03:05','2018-09-09 17:03:05'),(141,'2018-09-16',252,'2018-09-09 17:03:05','2018-09-09 17:03:05'),(142,'2018-09-02',252,'2018-09-09 17:03:26','2018-09-09 17:03:26'),(143,'2018-09-09',252,'2018-09-09 17:03:27','2018-09-09 17:03:27'),(144,'2018-09-30',252,'2018-09-09 17:03:27','2018-09-09 17:03:27');
/*!40000 ALTER TABLE `attendances` ENABLE KEYS */;
UNLOCK TABLES;

--
-- Table structure for table `departments`
--

DROP TABLE IF EXISTS `departments`;
/*!40101 SET @saved_cs_client     = @@character_set_client */;
/*!40101 SET character_set_client = utf8 */;
CREATE TABLE `departments` (
  `id` int(10) unsigned NOT NULL AUTO_INCREMENT,
  `name` varchar(255) COLLATE utf8_unicode_ci NOT NULL,
  `created_at` timestamp NULL DEFAULT NULL,
  `updated_at` timestamp NULL DEFAULT NULL,
  PRIMARY KEY (`id`)
) ENGINE=InnoDB AUTO_INCREMENT=35 DEFAULT CHARSET=utf8 COLLATE=utf8_unicode_ci;
/*!40101 SET character_set_client = @saved_cs_client */;

--
-- Dumping data for table `departments`
--

LOCK TABLES `departments` WRITE;
/*!40000 ALTER TABLE `departments` DISABLE KEYS */;
INSERT INTO `departments` VALUES (1,'Prayer Band','2016-07-07 14:46:12','2016-07-07 15:42:14'),(2,'Sunday School','2016-07-07 14:46:18','2016-07-07 21:59:03'),(3,'Choir','2016-07-07 15:41:41','2016-07-07 15:41:41'),(4,'Believers & Baptismal Class ','2016-07-07 15:42:33','2016-07-07 21:58:43'),(6,'Prison Ministry','2016-07-07 15:43:05','2016-07-07 15:43:05'),(7,'Hospital Ministry ','2016-07-07 15:43:19','2016-07-07 15:43:19'),(8,'Counseling & Followup ','2016-07-07 15:48:03','2016-07-07 15:48:03'),(10,'Evangelism','2016-07-07 15:48:53','2016-07-07 21:59:12'),(11,'Tracks & Publications','2016-07-07 15:49:20','2016-07-07 15:49:20'),(12,'Missions','2016-07-07 15:49:27','2016-07-07 15:49:27'),(13,'Protocol ','2016-07-07 15:49:48','2016-07-07 15:49:48'),(14,'Welfare','2016-07-07 15:50:00','2016-07-07 15:50:00'),(15,'Service Co-ordination ','2016-07-07 16:13:12','2016-07-07 16:13:12'),(16,'Security','2016-07-07 16:13:40','2016-07-07 16:13:40'),(17,'Tape','2016-07-07 16:13:57','2016-07-07 16:13:57'),(20,'medicals','2016-08-20 14:06:35','2016-08-20 14:06:35'),(24,'beauty/sanitation','2016-08-20 14:08:00','2016-08-20 14:08:00'),(27,'ushering','2016-08-20 14:08:01','2016-08-20 14:08:01'),(31,'Engineering','2016-08-20 14:08:03','2016-08-20 14:30:18'),(32,'Children','2016-09-26 19:01:08','2016-09-26 19:01:08'),(33,'test','2017-03-06 22:55:42','2017-03-06 22:55:42'),(34,'House Fellowship','2018-10-08 12:52:21','2018-10-08 12:52:21');
/*!40000 ALTER TABLE `departments` ENABLE KEYS */;
UNLOCK TABLES;

--
-- Table structure for table `employees`
--

DROP TABLE IF EXISTS `employees`;
/*!40101 SET @saved_cs_client     = @@character_set_client */;
/*!40101 SET character_set_client = utf8 */;
CREATE TABLE `employees` (
  `id` int(10) unsigned NOT NULL AUTO_INCREMENT,
  `first_name` varchar(255) COLLATE utf8_unicode_ci NOT NULL,
  `last_name` varchar(255) COLLATE utf8_unicode_ci NOT NULL,
  `hod` tinyint(1) DEFAULT NULL,
  `phone` varchar(255) COLLATE utf8_unicode_ci DEFAULT NULL,
  `date_of_birthday` date DEFAULT NULL,
  `address` text COLLATE utf8_unicode_ci,
  `email` varchar(255) COLLATE utf8_unicode_ci DEFAULT NULL,
  `primary_department_id` int(10) unsigned NOT NULL,
  `secondary_department_id` int(10) unsigned DEFAULT NULL,
  `created_at` timestamp NULL DEFAULT NULL,
  `updated_at` timestamp NULL DEFAULT NULL,
  `designation` varchar(255) COLLATE utf8_unicode_ci DEFAULT NULL,
  `marital_status` varchar(255) COLLATE utf8_unicode_ci DEFAULT NULL,
  `employment_status` varchar(255) COLLATE utf8_unicode_ci DEFAULT NULL,
  `sex` varchar(255) COLLATE utf8_unicode_ci DEFAULT NULL,
  PRIMARY KEY (`id`),
  KEY `employees_primary_department_id_foreign` (`primary_department_id`),
  KEY `employees_secondary_department_id_foreign` (`secondary_department_id`),
  CONSTRAINT `employees_primary_department_id_foreign` FOREIGN KEY (`primary_department_id`) REFERENCES `departments` (`id`),
  CONSTRAINT `employees_secondary_department_id_foreign` FOREIGN KEY (`secondary_department_id`) REFERENCES `departments` (`id`)
) ENGINE=InnoDB AUTO_INCREMENT=621 DEFAULT CHARSET=utf8 COLLATE=utf8_unicode_ci;
/*!40101 SET character_set_client = @saved_cs_client */;

--
-- Dumping data for table `employees`
--

LOCK TABLES `employees` WRITE;
/*!40000 ALTER TABLE `employees` DISABLE KEYS */;
INSERT INTO `employees` VALUES (7,'Rebecca','Okoh',0,'07063750656','1983-11-10','22 rd, beside oyedepo house,gowon estate','becky4beauty2011@yahoo.com',20,NULL,'2016-08-20 14:07:59','2016-08-20 14:07:59','sister','married','employed','female'),(8,'Florence','Oluwatomiloye',0,'08146167800','1972-05-03','9, town planning rd, mosan, iyana ipaja, lagoss',NULL,20,NULL,'2016-08-20 14:07:59','2016-08-20 14:07:59','sister','married','employed','female'),(10,'Katherine','Etim',0,'07033642989','1981-02-25','bt.87, flat 11, navy block, gowon estate, 34 rd',NULL,12,NULL,'2016-08-20 14:08:00','2016-08-20 14:08:00','sister','married','employed','female'),(11,'Olawunmi elizabeth','Banjo',0,'08038110021','1987-08-01','17 baruwa inside, ipaja','banjoolawunmi44@gmail.com',12,NULL,'2016-08-20 14:08:00','2016-08-20 14:08:00','sister','single','unemployed','female'),(12,'Lucy','Dada',0,'08025029161','1956-09-12','plot 127, 2nd avenue, 11 rd, gowon estates',NULL,12,NULL,'2016-08-20 14:08:00','2016-08-20 14:08:00','sister','married','employed','female'),(13,'Emmanuel','Gbadebo',0,'08034616201','1981-12-14','no 34 oduruga street, packo b/stop, ipaja road.','emmanuelgbadebo24@yahoo.com',12,NULL,'2016-08-20 14:08:00','2016-08-20 14:08:00','brother','single','business enterpreneur','male'),(17,'Luke','Eseigbe',0,'08056213189','1952-06-08','block 90, flat 6 abesan estate',NULL,16,NULL,'2016-08-20 14:08:00','2016-08-20 14:08:00','dcn','married','retired','male'),(18,'Rose nkem','Odita',0,'08033081496','1962-06-25','no 8 tioluwani str, gemade estate','roseodita@gmail.com',24,NULL,'2016-08-20 14:08:00','2016-08-20 14:08:00','dcns','married','business enterpreneur','female'),(20,'Victor o.','Badejo',0,NULL,'2017-02-02','block 6 f5 abesan estate ipaja','victorbadejo@gmail.com',11,NULL,'2016-08-20 14:08:00','2016-08-20 14:08:00','brother','married',NULL,'male'),(21,'Odunayo','Akinola',1,'07055555363','1973-01-01','block 134 ft 6 abesan est, ipaja','joselad73@yahoo.com',11,NULL,'2016-08-20 14:08:00','2016-08-20 22:33:15',NULL,NULL,NULL,NULL),(22,'Olufunke ojo','Olorunleke',0,'08023057249','2017-03-11','plt 4 jegede str orelope','olufunketayo@gmail.com',11,34,'2016-08-20 14:08:00','2018-10-08 14:46:11',NULL,NULL,NULL,NULL),(23,'Abiola ','Olugbile',0,'08171880061','1971-05-16','3 ishola str egbeda, lagos','abohiwhytehall2@yahoo.com',11,NULL,'2016-08-20 14:08:00','2016-08-20 14:08:00','brother','married','business enterpreneur','male'),(24,'Christain','Ekhator',0,'07037745735','1971-01-31','gowon estate ipaja','zrpublishing@yahoo.com',11,NULL,'2016-08-20 14:08:00','2016-08-20 14:08:00','brother','single','business enterpreneur','male'),(25,'Olalekan','Sote',0,'08023290735','1955-05-12','ikeja','lekansote@yahoo.com',11,NULL,'2016-08-20 14:08:00','2016-08-20 14:08:00','dcn','married','business enterpreneur','male'),(26,'Morolawin adeneye','Odubiyi',0,'08023658328','1945-02-23','10 femi allpha st, ipaja ikola',NULL,11,NULL,'2016-08-20 14:08:00','2016-08-20 14:08:00','dcns','married',NULL,'female'),(27,'Titilayo ','Ayorinde',0,'08026190261','1944-12-06','block774/4 abesan low cost housing estate',NULL,11,NULL,'2016-08-20 14:08:00','2016-08-20 14:08:00','sister','married','retired','female'),(28,'Temitayo','Odumade',0,'08075947894','1989-03-11','bn 24, fedral housing shagari estate, ipaja','keemytayo@yahoo.com',11,NULL,'2016-08-20 14:08:00','2016-08-20 14:08:00','sister','single','employed','female'),(30,'Ifeoluwa','Adeolu',0,'09051192991','1991-06-05','331 road, house 291, close 3, gowon estate',NULL,7,NULL,'2016-08-20 14:08:00','2016-08-20 14:08:00','sister',NULL,'employed','female'),(32,'Iyabode. A','Oni',1,'08023193488','1957-03-03','blk 276 flt 3, abesan housing, ipaja','mamaroyal57@yahoo.com',7,NULL,'2016-08-20 14:08:00','2016-08-20 22:39:03',NULL,NULL,NULL,NULL),(33,'Elizabeth','Awoniyi',0,'08033104714','1949-05-25','block 121 flat 1 abesan estate',NULL,7,NULL,'2016-08-20 14:08:00','2016-08-20 14:08:00','sister','married','retired','female'),(34,'Deborah','Igharo',0,'08023298434','2016-08-20','15 ogunsala alawod opesa',NULL,7,NULL,'2016-08-20 14:08:00','2016-08-20 14:08:00','sister','married',NULL,'female'),(35,'Modupe','Lawal',0,'08033489023','1954-10-17','8, jaiyeola george st. ipaja',NULL,7,NULL,'2016-08-20 14:08:00','2016-08-20 14:08:00','dcns','married','retired','female'),(36,'Kikelomo','Ojo',0,'08034731278','2016-08-21','blk. 98, flt 3 p&t bus stop ipaja',NULL,7,NULL,'2016-08-20 14:08:01','2016-08-20 14:08:01','sister','widow','retired','female'),(37,'Akin','Ogunfolaji',0,'0706779625','1934-08-31','flt. 1 blk 20 abesan housing estate',NULL,7,NULL,'2016-08-20 14:08:01','2016-08-20 14:08:01','brother','married','retired','male'),(38,'Folasade','Ajigbon',0,'08023605155','1969-10-27','plot 4 sewage close, off abosede aro estate',NULL,7,NULL,'2016-08-20 14:08:01','2016-08-20 14:08:01','sister','married','business enterpreneur','female'),(39,'Destiny l.','Benjyk',0,'08028811904','1954-01-14','no 2 nusiratu akanke st, akowonjo via gani animashaun jimoh b/stop','',7,NULL,'2016-08-20 14:08:01','2018-11-02 10:45:02',NULL,NULL,NULL,NULL),(41,'Titilayo yetunde','Akalu',0,'08054111984','1961-05-20',NULL,NULL,7,NULL,'2016-08-20 14:08:01','2016-08-20 14:08:01',NULL,'married','retired','female'),(42,'Adunola','Kuforiji',0,'08023134312','1956-05-22','plot 228, 1st avenue, 113 road, A close, gowon estate','toamykids@yahoo.com',7,NULL,'2016-08-20 14:08:01','2018-11-02 10:41:11',NULL,NULL,NULL,NULL),(43,'Olatunde anthony','Afeni',0,'08037161899','1956-10-10','c 14 E close home foundation, isheri idimu lagos','olatundeafeni@gmail.com',7,NULL,'2016-08-20 14:08:01','2016-08-20 14:08:01','brother','married','business enterpreneur','male'),(45,'Fasanya','Titilayo mrs',0,'08064937337','1956-06-03','plot 76, 123 rd, 1st avenue, gowon estate',NULL,7,NULL,'2016-08-20 14:08:01','2016-08-20 14:08:01','sister','married','business enterpreneur','female'),(46,'Ebun','Mohamed',0,'08028300892','2017-03-07',NULL,NULL,7,NULL,'2016-08-20 14:08:01','2016-08-20 14:08:01','sister','widow','business enterpreneur','female'),(48,'Peace','Akerele',0,'08134009259','1994-06-13','9, akinwande street obadore, lagos (lasu - igando road)','akerelepeace@yahoo.com',27,NULL,'2016-08-20 14:08:01','2016-08-20 14:08:01','sister','single','unemployed','female'),(49,'Ngozi','Akani',0,'08025853631','1985-11-04','6, titilayo street magida ayobo lagos','christyaka@gmail.com',27,NULL,'2016-08-20 14:08:01','2016-08-20 14:08:01','sister','single','unemployed','female'),(50,'Ayo falade','Arojojoye',0,'08061389407','1972-10-21','2, oguntayo baruwa fatade ipaja road lagos state','goldenadeolalizzy@gmail.com',27,NULL,'2016-08-20 14:08:01','2016-08-20 14:08:01','sister','married',NULL,'female'),(51,'Olufunmilayo','Morafa',0,'08069783203','1959-06-16',' 31 road c close house 7 gowonest, lis',NULL,27,NULL,'2016-08-20 14:08:01','2016-08-20 14:08:01','sister','married','retired','female'),(52,'Oluwakunle olubusayo','Ijaodola',0,'08038591331','1981-11-28','16, babalola tell street akinogun bus/stop ipaja lagos','kunlexzybu2013@gmail.com',27,NULL,'2016-08-20 14:08:01','2016-08-20 14:08:01','brother','married','employed','male'),(54,'Olusegun','Okunsanmi',0,'07069740179','1992-06-05','plot 285 1st aun 123rd gowon estate','okunsanmiolusegunko@gmail.com',27,NULL,'2016-08-20 14:08:01','2016-08-20 14:08:01','brother','single',NULL,'male'),(56,'Deborah','Princewill',0,'07032216807','1993-04-17','1st avenue, 11th road b close gowon estate','princewill.deborah@yahoo.com',27,NULL,'2016-08-20 14:08:01','2016-08-20 14:08:01',NULL,'single','unemployed','female'),(57,'Omowunmi','Abayomi olabanji',0,'08062891953','1987-04-22',' 411 goad, a close block 2 flat 12, gowon estate iyana ipaja lagos state','dontallest49od@gmail.com',27,NULL,'2016-08-20 14:08:01','2016-08-20 14:08:01','brother','single','employed','male'),(59,'Olanrewaju','Dada',0,'08023546949','1955-02-02','7a sasegbon street ikeja','lawredada@rockedgmail.com',27,NULL,'2016-08-20 14:08:01','2016-08-20 14:08:01','brother','married','employed','male'),(63,'Olawale','Alawode',0,'08063768203','1971-04-23','4, ayinla akinsola street araromi iyana ipaja lagos','wodewale@yahoo.com',27,NULL,'2016-08-20 14:08:02','2016-08-20 14:08:02','brother','married','employed','male'),(64,'Mayokun','Makinde',0,'08023559949','1980-06-14','7, adurape iwajowa street, iyana ipaja lagos','mayokunmakinde@yahoo.com',27,NULL,'2016-08-20 14:08:02','2016-08-20 14:08:02','sister','single','business enterpreneur','female'),(66,'Helen enloe','Ogbebor',0,'07036793636','1964-02-14','plot 314, 11th road gowon estate ipaja lagos',NULL,6,NULL,'2016-08-20 14:08:02','2016-08-20 14:08:02','sister','married','self employed','female'),(67,'Uche','Olusola sanni',0,'08038336585','1977-12-07','34 road, b close house 9 gowon estate ipaja lagos',NULL,3,NULL,'2016-08-20 14:08:02','2016-08-20 14:08:02','sister','married','business enterpreneur','female'),(68,'Oluwafemi','Alegbe',0,'08069515752','1983-04-21','gowon estate','alegbe.fm@yahoo.com',3,NULL,'2016-08-20 14:08:02','2018-11-02 10:16:01',NULL,NULL,NULL,NULL),(71,'B.olufunke','Olufemi',0,'08023252166','1950-05-02','3/5 toluwaloju olufemi street ipaja',NULL,8,NULL,'2016-08-20 14:08:02','2016-08-20 14:08:02','d. dcn dcns','married','retired','female'),(72,'Francis','Ugbebor',0,'08034184035','1974-11-18','17, governor road ikotun lagos','francisugbebor@yahoo.com',8,NULL,'2016-08-20 14:08:02','2016-08-20 14:08:02','brother','married','employed','male'),(74,'Ebenson','Ayuk',0,'08152905276','1989-05-11','10 sewage road, gowon estate egbeda','sayukebenson@yahoo.com',10,NULL,'2016-08-20 14:08:02','2016-08-20 14:08:02','brother','single','employed','male'),(75,'Abiodun','Eboweme',0,'08023163313','1965-01-02','12 road plot 28 a close house 2 gowon estate','e.abiodu@yahoo.com',2,NULL,'2016-08-20 14:08:02','2016-08-20 14:08:02','dcn/dcns','married','unemployed','female'),(76,'Nathaniel adeyemi','Olowoparija',0,'08053634582','1963-06-07','block 136 flat 1 abesan estate ipaja lagos','olowoyemi@yahoo.com',2,34,'2016-08-20 14:08:02','2018-10-08 14:01:11',NULL,NULL,NULL,NULL),(77,'Ajibola','Thomas',0,'08057477061','1955-01-26','block 178 flat 3 abesan estate ipaja lagos','ajibolaolayinka@55gmail.com',2,NULL,'2016-08-20 14:08:02','2016-08-20 14:08:02','dcns','married','retired','male'),(78,'Adeleke','Oredope',0,'08132029282','1993-02-06','19, association avenue ilemose estate oke-afa isolo lagos','adeakin01@gmail.com',1,NULL,'2016-08-20 14:08:02','2016-08-20 14:08:02','brother','single','business enterpreneur','male'),(79,'Mercy monisola','Olusegun',0,'07037999653','1962-12-27','16 yinka folarin new london estate baruwa inside baruwa','wolerayo@yahoo.com',1,NULL,'2016-08-20 14:08:02','2016-08-20 14:08:02',NULL,'married','business enterpreneur','female'),(81,'Rotimi','Ogunbona',0,'08141378286','1969-01-26','house 3, road 4 ','rotimi.ogunbona@gmail.com',1,NULL,'2016-08-20 14:08:02','2016-08-20 14:08:02','brother','married','employed','male'),(82,'Atoyebi','Alabi',0,'08035207484','1984-07-09','o.f 13, f.l.c.h.e, ipaja lagos','alabitoye@gmail.com',1,NULL,'2016-08-20 14:08:02','2016-08-20 14:08:02','brother','single','employed','male'),(83,'Esther','Ajai',0,'08033065587','1965-04-16','311 road \'c\' close house 18 gowon estate','esther164@yahoo.comuk',1,NULL,'2016-08-20 14:08:02','2016-08-20 14:08:02','sister','married','business enterpreneur','female'),(84,'Gloria sholape','Ogunjobi',0,'08071012328','1949-12-05','1147 unity road, ago aboru',NULL,1,NULL,'2016-08-20 14:08:02','2016-08-20 14:08:02','sister','married','retired','female'),(85,'Susan','Akeni',0,'07033356506','1988-02-12','2,31 road gowon estate egbeda lagos','susan.akeni13@gmail.com',1,NULL,'2016-08-20 14:08:02','2016-08-20 14:08:02','sister','single','employed','female'),(86,'Mrs emojeya','Rejoice',0,'08029480617','1983-08-15','block 18 by packo bus stop, sagari estate','just4toun2004@yahoo.com',1,NULL,'2016-08-20 14:08:02','2016-08-20 14:08:02','sister','married','employed','female'),(87,'Solomon adeniyi','Haastrup',0,'08062390364','1975-09-01','5 ifelodun street, yamco, ayobo','solohaastrup@yahoo.com',1,NULL,'2016-08-20 14:08:03','2016-08-20 14:08:03','brother','single','employed','male'),(88,'Anthony','Udah',0,'08039187241','1945-11-25','3rd aveneu, 331 rd, A close, house 9 gowon estate',NULL,1,NULL,'2016-08-20 14:08:03','2016-08-20 14:08:03','brother','married','retired','male'),(91,'Olajumoke','Afikode',0,'08127261094','2016-04-28','block 267 flat 3 abesan',NULL,6,NULL,'2016-08-20 14:08:03','2016-08-20 14:08:03','sister','single','business enterpreneur','female'),(93,'Olusola ','Ajose',0,'08172705077','2016-10-13','39 fabuyi street unique estate','aolusolafunmilola@yahoo.com',6,NULL,'2016-08-20 14:08:03','2016-08-20 14:08:03','sister','married','employed','female'),(94,'Mojisola','Sokunbi',0,NULL,'1958-03-14','4, fred olaseinde st, baruwa ipaja',NULL,6,NULL,'2016-08-20 14:08:03','2016-08-20 14:08:03',NULL,'married','employed','female'),(98,'Basil','Ezebamen',0,'08063511787','1972-02-02','No 7, taju salami street, aboru','basilesabem@yahoo.com',6,NULL,'2016-08-20 14:08:03','2016-08-20 14:08:03','brother','single','business enterpreneur','male'),(99,'Ademitilewa ','Adetayo',0,'08062872626','1983-02-02','house 8, 114 road, gowon estate','tile4u2003@yahoo.com',6,NULL,'2016-08-20 14:08:03','2016-08-20 14:08:03','brother','single','employed','male'),(100,'Adewumi','Somesi',0,'08033566167','1996-12-01','No 7 0sinsaya street, ipaja','dewunmisomesi13@yahoo.com',6,NULL,'2016-08-20 14:08:03','2016-09-29 15:26:10',NULL,NULL,NULL,NULL),(101,'Olarewaju','Ajose',0,'08028850133','1983-03-04','No 39fabuyi street, unique estate, baruwa ipaja','ajoseaona@yahoo.com',6,NULL,'2016-08-20 14:08:03','2016-08-20 14:08:03','brother','married','employed','male'),(103,'Comfort','Akindele',0,'08055177997','2016-08-20','1st avenue, 112 rd, H19, gowon estate',NULL,14,NULL,'2016-08-20 14:08:03','2016-08-20 14:08:03','sister','married','retired','female'),(104,'Ikeade','Salami',0,'08023087879','1965-02-10','34 kolawole akande cresent, hilltop estate aburu, iyana ipaja lagos','ikeadesalami@gmail.com',7,NULL,'2016-08-20 14:08:03','2016-08-20 14:08:03','sister','married','employed','female'),(105,'Olayinka','Aderiye',0,'0803335989','1960-10-07','house 4, I close, 34 rd, gowon estate','yinkarose10@gmail.com',14,NULL,'2016-08-20 14:08:03','2016-08-20 14:08:03','sister','married','business enterpreneur','female'),(106,'Folake','Daramola',0,'0','1959-05-05','31 rd, B close house 6, gowon estates','',10,NULL,'2016-08-20 14:08:03','2016-09-29 14:48:25',NULL,NULL,NULL,NULL),(107,'Julie','Akande',0,'09037332780','2016-08-20',NULL,NULL,14,NULL,'2016-08-20 14:08:03','2016-08-20 14:08:03',NULL,'widow','nil','female'),(109,'Rose ','Abutu',0,'07033384214','1972-10-06','31 rd C close g.estate',NULL,14,NULL,'2016-08-20 14:08:03','2016-08-20 14:08:03','sister','married','business enterpreneur','female'),(110,'Blessing','Oboite',0,'08083296604','2017-02-24','blk 361 flat 6 abesan estate','get2bus07@yahoo.com',10,NULL,'2016-08-20 14:08:03','2016-08-20 14:08:03','sister','single',NULL,'female'),(112,'Ayomide','Taiwo',0,'08095138228s','1983-01-13','411 rd, block 1, flat 12, gowon estate','olajideayomide@yahoo.com',10,NULL,'2016-08-20 14:08:03','2016-08-20 14:08:03','sister','married','business enterpreneur','female'),(113,'Grace','Omonaiye',0,'08029574534','1955-01-28','24 ido-ani str, egbeda','',10,NULL,'2016-08-20 14:08:03','2018-11-03 15:46:12',NULL,NULL,NULL,NULL),(114,'Felicia','Nwonyimi',0,'08023005363','1960-04-24','house 1, 112 rd, gowon estate',NULL,14,NULL,'2016-08-20 14:08:03','2016-08-20 14:08:03','sister','married','employed','female'),(115,'Gbemisola','Olude',0,'08035799516','1976-02-17','block 46 flat 4, abesan estate','real@yahoo.com',10,NULL,'2016-08-20 14:08:03','2016-08-20 14:08:03','sister','married','employed','female'),(116,'Akinlolu','Ezekiel',0,'08168883961','1975-08-28','block 679 flat 5, abesan estate','akinsonola2000@yahoo.com',31,NULL,'2016-08-20 14:08:03','2016-08-20 14:08:03','dcn','married','employed','male'),(118,'Aduragbemi','Akinola',1,'0','2016-01-28','7 abimbola taylor, gemini b/stop baruwa, ipaja lagos','chriscom.concepts@yahoo.com',10,NULL,'2016-08-20 14:08:04','2016-08-20 22:30:28',NULL,NULL,NULL,NULL),(119,'Sophia olayinka','Akande',0,'08055746827','1977-12-20','8 keye oyekan shasha','ojuniface@gmail.com',3,NULL,'2016-08-20 14:08:04','2016-08-20 14:08:04','sister','single','business enterpreneur','female'),(120,'Adetola','Adelekan',0,'08160698744','1989-03-05',NULL,'ifecares@yahoo.com',3,NULL,'2016-08-20 14:08:04','2016-08-20 14:08:04','brother','single','employed','male'),(121,'Temisan','Ochem',0,'09099718305','1984-07-21','blk 248, flat 6, abesn estate, ipaja lagos','temisab@yahoo.com',3,NULL,'2016-08-20 14:08:04','2016-08-20 14:08:05','sister','married','employed','female'),(122,'Bisola','Odusagun',0,'08038466926','2016-11-27','15 majasan close off ejigbo rd, idimu lagos',NULL,3,NULL,'2016-08-20 14:08:04','2016-08-20 14:08:04','sister','married','business enterpreneur','female'),(124,'Yetunde','Aderinkomi',0,'08024999716','1980-03-19','10olakunle avenue, oluwaga ipaja','yaderinkomi@gmail.com',3,NULL,'2016-08-20 14:08:04','2016-08-20 14:08:04','sister','married','employed','female'),(126,'Oluwatoyin','Ariyibi',0,'08063192444','1987-10-23','','akanoluwatoyin@yahoo.com',3,NULL,'2016-08-20 14:08:04','2016-09-26 17:11:17',NULL,NULL,NULL,NULL),(127,'Oluwamisimi','Adeleye',0,'07030405767','1982-11-07','4 adekoya str, amosu abesan estate','zion0735@gmail.com',3,NULL,'2016-08-20 14:08:04','2016-08-20 14:08:04','sister','married','business enterpreneur','female'),(128,'Oludotun','Adesida',0,'08058188062','2016-04-03','meran','beyiokudotun@yahoo.com',3,NULL,'2016-08-20 14:08:04','2016-08-20 14:08:04','sister','married','business enterpreneur','female'),(129,'Abiodun ','Bolarinwa',0,'07034726988','2016-12-30','2 olowoyo str, sago ota','abiodunbolarinwa82@yahoo.com',3,NULL,'2016-08-20 14:08:04','2016-08-20 14:08:04','sister','single','unemployed','female'),(130,'Hanna','Said',0,'08038808105','1987-05-06','8 arthul mbachu street, olubondu ipaja','saidhanah@yahoo.com',3,NULL,'2016-08-20 14:08:04','2016-08-20 14:08:04','sister','married','employed','female'),(131,'Sunday','Emojaye',0,'08060808201','2017-07-28','bc 18 str, shagari estate by packo b/stop','semojeya@yahoo.com',3,NULL,'2016-08-20 14:08:04','2018-11-03 19:09:38',NULL,NULL,NULL,NULL),(132,'Oluwakemi','Arowojolu',0,'08023378876','1982-05-31','4, 11th rd, A close, gowon estate','kembeb@yahoo.com',3,NULL,'2016-08-20 14:08:04','2016-08-20 14:08:04','sister','married','business enterpreneur','female'),(133,'Temitope','Odunayo',0,'08038391212','1981-01-19','blk 134, flat 6, abesan estate',NULL,3,NULL,'2016-08-20 14:08:04','2016-08-20 14:08:04','sister','married','employed','female'),(135,'Victor','Williams',0,'08032694534','1983-02-09','6 taiwo akinsola str, baruwa ipaja lagos','vicwills4real@gmail.com',3,NULL,'2016-08-20 14:08:04','2016-08-20 14:08:04','brother','married','employed','male'),(137,'Busola rebecca','Sunday',0,'07962675135','1905-06-09','9 olaniyi street',NULL,3,NULL,'2016-08-20 14:08:04','2016-08-20 14:08:04','sister','married','business enterpreneur','female'),(138,'Oluwafemi .b','Okunuga',1,'08077112845','1984-01-07','5, olufemi close off araba street, pipe line','finjife@yahoo.com',3,NULL,'2016-08-20 14:08:04','2016-08-20 22:42:09',NULL,NULL,NULL,NULL),(140,'Ogolo','Stanley',0,'08038531448','1982-06-20','272 gowon estate','ogolostaley@yahoo.com',3,NULL,'2016-08-20 14:08:04','2016-08-20 14:08:04','brother','single','employed','male'),(141,'Oluwajuwonlo','Olajide',0,'','1977-02-08','plot 1, rd 21, diamond estate isheri rd, lagos','obajay@yahoo.com',3,4,'2016-08-20 14:08:04','2018-10-10 16:08:04',NULL,NULL,NULL,NULL),(144,'Abidemi','Olanipekun',0,'08039221548','1984-04-22',NULL,'abidemi.olanipekun@yahoo.com',3,NULL,'2016-08-20 14:08:05','2016-08-20 14:08:05','sister','married','employed','female'),(145,'Oluwayemisi','Oniyinde',0,'09095861017','2017-08-06','4, oniyinde close, off ranti alabi drive, alimosho, iyana ipaja','yetoniyinde@gmail.com',3,NULL,'2016-08-20 14:08:05','2016-08-20 14:08:05','dcns','married','employed','female'),(146,'Bola','Oniwinde',0,'08055031157','1949-10-23','112,rd, A close, gowon estate',NULL,4,NULL,'2016-08-20 14:08:05','2016-08-20 14:08:05','sister','married','retired','female'),(148,'Adeniyi solomon','Haastrup',1,'08062390364','1975-09-01','5, ifelodun street, ayobo','solohaastrup@yahoo.com',4,NULL,'2016-08-20 14:08:05','2016-08-20 22:40:20',NULL,NULL,NULL,NULL),(149,'Olawale','Lawal',0,'08029141301','1969-06-06','52rd E close, blk 2, gowon estate','whitethroneproperties@yahoo.com',4,NULL,'2016-08-20 14:08:05','2016-08-20 14:08:05','brother','married','business enterpreneur','male'),(150,'Adunni','Akinya',0,'08033489952','1962-04-17','18 / 20 asabi olayinka street, oluwaga ipaja','',4,34,'2016-08-20 14:08:05','2018-10-08 13:47:31',NULL,NULL,NULL,NULL),(151,'Adunni tolu','Akinya',0,'08033489952','1962-04-17','18/20 asabi olayinka street, ipaja lagos',NULL,2,NULL,'2016-08-20 14:08:05','2016-08-20 14:08:05',NULL,'married','business enterpreneur',NULL),(152,'Olaide','Adeyeye',0,'08023241794','2016-11-24','16 fadairo street, olude ipaja','',2,NULL,'2016-08-20 14:08:05','2016-09-27 18:54:11',NULL,NULL,NULL,NULL),(153,'Olufisayo oyenike','Oluwaleye',0,'08143443852','1984-06-25',NULL,'fisayoolabiyi@gmail.com',2,NULL,'2016-08-20 14:08:05','2016-08-20 14:08:05','sister','married','business enterpreneur','female'),(154,'Adeniyi solomon','Haastrup',0,'08062390364','1975-09-01','5 ifelodun street, yamco, ayobo','solohaastrup@yahoo.com',2,NULL,'2016-08-20 14:08:05','2016-08-20 14:08:05','brother','single','employed','male'),(155,'Kingsley','Ozoma',0,'08068944255','1979-11-25','B A 25 shagari est, ipaja','kingsleyozoma@gmail.com',2,NULL,'2016-08-20 14:08:05','2016-08-20 14:08:05','brother','single','employed','male'),(156,'Olayiwola ','Olayinka',0,'08061230122','1979-11-28','house 27 ch street, fedral housing estate, ipaja lagos','olayiwolaolayinka@yahoo.com',2,10,'2016-08-20 14:08:05','2018-10-10 14:55:58',NULL,NULL,NULL,NULL),(157,'Lawrence','Ogbebor',0,'08062530139','1954-05-24','pot 314, 11rd, gowon estate, ipaja lagos','larryogbe001@yahoo.com',2,NULL,'2016-08-20 14:08:05','2016-08-20 14:08:05','brother','married','business enterpreneur','male'),(160,'Johnson','Eyitayo',0,'08034337204','2016-03-25','7 koya akinwale street, baruwa ipaja lagos','eyijohnson@yahoo.com',2,NULL,'2016-08-20 14:08:05','2016-08-20 14:08:05','brother','married','employed','male'),(161,'Joy','Eyitayo',0,'08034337173','2016-08-09','7 koya akinwale street, baruwa ipaja lagos','omoregiejoy2009@yahoo.com',2,NULL,'2016-08-20 14:08:05','2016-08-20 14:08:05','sister','married','employed','female'),(162,'Cecilia durosimi','Owowa',0,'08056021786','2016-06-08','35 asalu lawal str, boys town, baruwa',NULL,2,NULL,'2016-08-20 14:08:05','2016-08-20 14:08:05','dcns','widow','retired','female'),(163,'Adewunmi kikelomo','Ogunbona',0,'0818894491','1976-02-05','block 73, plot 3, baruwa','ak-ogunbona@yahoo.com',2,NULL,'2016-08-20 14:08:05','2018-10-30 17:36:24',NULL,NULL,NULL,NULL),(164,'Omolola','Omowunmi',0,'08029602326','1984-05-21','411rd adose blk2 ft12 gowon estate ipaja lagos','o.omounmi@yahoo.comS',4,31,'2016-08-20 14:08:05','2018-10-10 15:55:18',NULL,NULL,NULL,NULL),(166,'Olushola','Oladayo',0,'07062594160','1986-12-19','block n12 flat 4 abesan asing estate','biyijunior@yahoo.com',4,NULL,'2016-08-20 14:08:05','2016-08-20 14:08:05','brother','single','employed','male'),(167,'Comille','Nwelih',0,'08027209982','1970-06-13',NULL,'bnwelih@gmail.com',4,NULL,'2016-08-20 14:08:05','2016-08-20 14:08:05','brother','married','business enterpreneur','male'),(168,' titlayo atinuke','Akinade',0,'08187767708','1987-09-09','no2,lambe street,alimosho b/stop ,iyanapaja','alayonimijo@yahoo.com',4,NULL,'2016-08-20 14:08:05','2016-08-20 14:08:05','sister','married','employed','female'),(169,'Olatunde anthony','Afeni',0,'08037161899','1956-10-10','c14 eclose home foundation isheri lagos',NULL,4,NULL,'2016-08-20 14:08:05','2016-08-20 14:08:05','brother','married','business enterpreneur','male'),(170,'Precious','Odita',0,'080378771775','1989-05-13','8tioluwani str. Gemade estate ipaja','oditaprecious@yahoo.com',4,NULL,'2016-08-20 14:08:06','2016-08-20 14:08:06','sister','single','business enterpreneur','female'),(171,'Faith','Lkekhiche',0,'08023032941','1972-11-05','plot167, 111rd gowon estate ipaja','faith.ikekhiche@yahoo.com',2,NULL,'2016-08-20 14:08:06','2016-08-20 14:08:06','dcns','married','business enterpreneur','female'),(172,'Abosede','Badejo',0,'08027436664','1977-06-03','b6f5,abesan estate ipaja','bakindeinde@yahoo.com',2,NULL,'2016-08-20 14:08:06','2016-08-20 14:08:06','sister','married','employed','female'),(173,'Oluropo','Adu',0,'08033116639','1942-08-27','plot-3,lgbajo crescent ojokoro',NULL,2,NULL,'2016-08-20 14:08:06','2016-08-20 14:08:06','sister','married','retired','female'),(174,'Lfeoluwa','Oyebanji',0,'08082440063','1981-10-10','7alhaja ramota street egbeda','bethy-love2001@yahoo.com',2,NULL,'2016-08-20 14:08:06','2016-08-20 14:08:06','sister','single','employed','female'),(175,'Daniel','Nwonyimi',0,'08039335411','2016-01-13','house1,112n,gowon estate ,ipaja,lagos','dannyolise@yahoo.com',2,NULL,'2016-08-20 14:08:06','2016-09-29 15:54:45',NULL,NULL,NULL,NULL),(176,'Olufunke','Adinlewa',0,'08028766741','1969-12-07','plt2,adebayo cls,gemade est,','lafunkyayi@gmail.com',2,NULL,'2016-08-20 14:08:06','2016-09-29 15:58:32',NULL,NULL,NULL,NULL),(177,'Onyeka','Nwobodo',0,'08184385580','1989-09-02',' house7, c&I close,3rd avenue,34road gowon estate,egbeda.lagos','maiymeonyeka@yahoo.com',1,NULL,'2016-08-20 14:08:06','2016-08-20 14:08:06','sister','single','employed','female'),(178,'Adejoke.a.','Orimolade',0,'08024427437','1973-07-08','1st avenue 133 road gowon estate ipaja','adejoke23orimolade@gmail.com',1,NULL,'2016-08-20 14:08:06','2016-08-20 14:08:06','sister','married','employed','female'),(180,'Adenike-adewumi','Odubela',0,'08038353308','2016-07-31','bh48,shagari estate ipaja lagos','afflueneeincorporation@gmail.com',1,NULL,'2016-08-20 14:08:06','2016-08-20 14:08:06','sister','married','business enterpreneur','female'),(181,'Oreoluwa','Ogunyele',0,'07062594902','2016-06-13','plot10,moshood olatokunbo str,alogi obantokoabe','oreoluwa.ogunyele@gmail.com',1,NULL,'2016-08-20 14:08:06','2016-08-20 14:08:06','sister','single','employed','female'),(182,'Morenike','Siyanbola',0,'08036256624','1969-09-14','3rdavenue,311rd,c,close,house24,gowon estate',NULL,1,NULL,'2016-08-20 14:08:06','2016-08-20 14:08:06','sister','married','business enterpreneur','female'),(183,'Yinka','Taiwo',1,'07083505477','1957-02-03','block40,abesan estate,ipaja lagos','olayiketaiwo57@yahoo.com',1,NULL,'2016-08-20 14:08:06','2016-08-20 22:41:42',NULL,NULL,NULL,NULL),(186,'Oyetunde mary','Adejumo',1,'08035821473','2016-05-26','omole phase11 ikeja','yehymikke@yahoo.com',13,7,'2016-08-20 14:08:07','2018-10-08 12:42:52',NULL,NULL,NULL,NULL),(187,'Precious','Odita',0,'08037817795','1989-05-13','8tioluwani str. Gemade estate ipaja','oditaprecious@yahoo.com',13,NULL,'2016-08-20 14:08:07','2016-08-20 14:08:07','sister','single','business enterpreneur','female'),(188,'Olalubosun','Labiran',0,'08023177767','1967-09-21',NULL,NULL,13,NULL,'2016-08-20 14:08:07','2016-08-20 14:08:07','brother','married','employed','male'),(189,'Adewunmi kikelomo','Ogunbona',0,'08188594491','1976-05-21','plot79 block3 progressive estate baruwa ipaja','9k-ogunbona@yahoo.com',13,NULL,'2016-08-20 14:08:07','2016-08-20 14:08:07','sister','married','business enterpreneur','female'),(190,'Kanayo chukwu peter ','Osadunkwu',0,'08033856556','1973-06-09','house31,a close34 rd gowon estate','kanayodunkwu@yahoo.com',31,NULL,'2016-08-20 14:08:07','2016-08-20 14:08:07','brother','married','business enterpreneur','male'),(191,'Oluwafemi','Ayinde-lias',0,'08023630485','2016-08-20','dr akionde ariyo crescent, new london, baruwa ipaja',NULL,31,NULL,'2016-08-20 14:08:07','2016-08-20 14:08:07',NULL,'married',NULL,'male'),(192,'Olugbenga','Akindele',0,'08059601697','1984-04-24','1st avenue 112 rd, house 19, gowon estate egbeda lagos','kostrol0011@yahoo.com',31,NULL,'2016-08-20 14:08:07','2016-08-20 14:08:07','brother','single','employed','male'),(194,'Oludayo comfort','Odusanya',0,'08060789408','1978-02-22','blk 7, flat 3, abesan estate, ayo-ola',NULL,10,NULL,'2016-08-20 14:08:07','2016-08-20 14:08:07',NULL,'married','business enterpreneur','female'),(195,'Margaret olajumoke','Hastrup',0,'08035499333','1982-10-28','6 olu ode street, baruwa ipaja','',10,NULL,'2016-08-20 14:08:07','2018-11-03 15:40:02',NULL,NULL,NULL,NULL),(196,'Priscillia azuka','Azolibe',0,'08087839228','1959-06-17','10 azolibe street, baruwa ipaja',NULL,10,NULL,'2016-08-20 14:08:07','2016-08-20 14:08:07','sister','married','business enterpreneur','female'),(197,'M.toluwa','Olufemi',0,'08033236800','1943-03-06','3/5 toluwaloju olufemi street ipaja','mtolufemi@yahii.com',8,NULL,'2016-08-20 14:08:07','2016-08-20 14:08:07',NULL,'married','retired','male'),(198,'Sarah-a-','Craig',0,'09053888490','1946-12-02','blk 421 flat 6 keda junction abesan',NULL,8,NULL,'2016-08-20 14:08:07','2016-08-20 14:08:07','sister','widow','business enterpreneur','female'),(200,'Sam','Jubril',0,'07060682008','1981-04-14','6 raphael okwokwo str, water b/stop, alimosho lagos','samjubril@gmail.com',31,NULL,'2016-08-20 14:08:07','2016-08-20 14:08:07','brother','married','employed','male'),(201,'Solomon o.','Abey',0,NULL,'2016-04-16','18 oyemade str santos layout, akowonjo lagos','howmon@live.com',31,NULL,'2016-08-20 14:08:07','2016-08-20 14:08:07','brother','married','employed','male'),(203,'Solomon','Okoaye',0,'08033288961','1951-09-17','10 rotimi dada str, atan united estate ipaja',NULL,8,NULL,'2016-08-20 14:08:07','2016-08-20 14:08:07','brother','married','business enterpreneur','male'),(204,'Grace abiodun','Johnson',0,'08033007087','1960-01-01','5th avenue 551 rd, gowon estate','graceabiodun@gmail.com',8,NULL,'2016-08-20 14:08:07','2016-08-20 14:08:07','dcns','married','business enterpreneur','female'),(205,'Ibitola','Oluwole',0,'08084081651','1939-06-01','285 plot 123 rd, 1st avenue, gowon estate',NULL,8,NULL,'2016-08-20 14:08:07','2016-08-20 14:08:07','sister','married','retired','female'),(206,'Florence adunni','Adefehinti',0,'08033765482','1953-02-15','10 maria st, baruwa ipaja',NULL,8,NULL,'2016-08-20 14:08:07','2016-08-20 14:08:07','dcns','widow','retired','female'),(207,'Vincent olatunde','Ayan',0,'09092564722','1958-04-17','5 shofoluwe str, baruwa ipaja','vola.ayan@yahoo.com',8,NULL,'2016-08-20 14:08:07','2016-08-20 14:08:07','dcn','intending','employed','male'),(208,'David adebayo','Odukomaiya',0,'08034027993','1953-01-10','31 rd, B close, H4, f.h.a gowon estate','ng6-psc@yahoo.com',8,NULL,'2016-08-20 14:08:08','2016-08-20 14:08:08','brother','married','retired','male'),(209,'Oluwayemisi abigail','Ogunleye',0,'08021833175','1969-08-30','2, elegbede str, baruwa',NULL,8,NULL,'2016-08-20 14:08:08','2016-08-20 14:08:08','sister','married','business enterpreneur','female'),(210,'Adekunle','Lawal',1,'08023143745','1965-04-02','plot 174 A close, 111 rd, 15th avenue gowon estate, ipaja','emodu.project@yahoo.com',8,NULL,'2016-08-20 14:08:08','2016-08-20 22:36:00',NULL,NULL,NULL,NULL),(211,'Ayo obehi','Eseigbe',0,'08084104232','1962-06-22','block 90 flat 6, abesan estate',NULL,8,NULL,'2016-08-20 14:08:08','2016-08-20 14:08:08','sister','married','business enterpreneur','female'),(212,'Adedokun olasunkanmi','Samuel',0,'08038028600','1980-09-18','15 alhaja afonke str, 32 rd, gowon estate','adedokunsam@yahoo.com',8,NULL,'2016-08-20 14:08:08','2016-08-20 14:08:08','brother','single','employed','male'),(213,'Emily bola','Sebastain',0,'08033609590','1944-11-07','house 6 d.a.st. fedral housing estate',NULL,8,NULL,'2016-08-20 14:08:08','2016-08-20 14:08:08','dcns','widow','retired','female'),(214,'Sister glory','Christopher',0,'08140940417','1973-12-25','31 rd, house 34, gowon estate',NULL,8,NULL,'2016-08-20 14:08:08','2016-08-20 14:08:08','sister','married','business enterpreneur','female'),(215,'Olawole','Olabosun',0,'08037119357','1967-11-14','21 kehinde owolabi street, gemade estate',NULL,8,NULL,'2016-08-20 14:08:08','2016-08-20 14:08:08','brother','married','business enterpreneur','male'),(216,'Chinyere','Edaghese',0,'08036064152','1955-04-16','block 406, flat 4, abesan estate',NULL,8,NULL,'2016-08-20 14:08:08','2016-08-20 14:08:08','sister','married','retired','female'),(217,'Salami','Fasanya',0,'08023766118','1950-05-17','plot 76, 123 rd, 1st avenue, gowon estate',NULL,8,NULL,'2016-08-20 14:08:08','2016-08-20 14:08:08','brother','married','retired','male'),(218,'Oluyemisi','Kolade',0,'08023212761','1966-11-29','11 bakare str, ikola ipaja lagos','koladeyemisi66@gmail.com',8,NULL,'2016-08-20 14:08:08','2016-08-20 14:08:08','dcns','married','business enterpreneur','female'),(220,'Adejoke cecilia','Adeniran',0,'08137122174','1983-05-12','12 adediran street, iyana ipaja','adejokececilia2020@gmail.com',8,NULL,'2016-08-20 14:08:08','2016-08-20 14:08:08','sister','single','employed','female'),(221,'Ada','Ohuegbe',0,'08030882190','1983-02-12','16 kingdom hall rd, gemde estate, ipaja lagos','eliada24@yahoo.com',8,NULL,'2016-08-20 14:08:08','2016-08-20 14:08:08','sister','single','employed','female'),(223,'Hanna','Oghali',0,'08023895547','1969-12-14','3 bolajoko street, gemade estate','choiceontop@gmail.com',8,NULL,'2016-08-20 14:08:08','2016-08-20 14:08:08',NULL,'married','business enterpreneur','female'),(224,'Jumoke','Ewetan',0,'08060646365','1981-04-30','df 49 shgari estate, mosan ipaja','joomiey@yahoo.com',2,NULL,'2016-08-20 14:08:08','2016-09-29 15:55:53',NULL,NULL,NULL,NULL),(225,'Elizabeth bosede','Akinsokun',0,'08030831269','1950-04-16','da 18 shagari estate, flch ipaja',NULL,14,NULL,'2016-08-20 14:08:08','2016-08-20 14:08:08','sister','widow','retired','female'),(227,'Babajide','Olawoyin',0,'08039406520','1976-10-19','no9,modupe richard,olubodu ipaja','olawoyinbabajide35@gmail.com',31,NULL,'2016-08-20 14:08:08','2016-08-20 14:08:08','brother','married','employed','male'),(228,'Oluwafemi','Ariyibi',0,'08027150287','1985-03-19','9,akinbobola street,wonderland estate,amule.ayobo,lagos','arifemi@yahoo.com',2,NULL,'2016-08-20 14:08:08','2016-08-20 14:08:08','brother','married','business enterpreneur','male'),(230,'Oromidayo','Afolabi',0,'08029898047','1987-04-19','no7,fatal soliu street alauyde b/stop ipaja','oromideafolabi@gmail.com',2,NULL,'2016-08-20 14:08:08','2016-08-20 14:08:08','brother','single','employed','male'),(231,'Oluwole.e.','Taiwo',0,'08063110737','1986-02-12','block40,flat5,jakande estate,abesan,ipaja','wollaytee@gmail.com',31,NULL,'2016-08-20 14:08:08','2018-11-03 16:12:43',NULL,NULL,NULL,NULL),(232,'Seun emmaunel','Omowunmi',0,NULL,'1985-10-26','411rd adose blk2 ft12 gowon estate ipaja lagos','omsheg2008@yahoo.com.uk',13,NULL,'2016-08-20 14:08:08','2016-08-20 14:08:08','brother','single','business enterpreneur','male'),(233,'Miracle','Effiom',0,'08101840236','1988-08-28','house41,olofin royal estate,lsheri,lgando.lalu road','effiommirade@gmail.com',31,NULL,'2016-08-20 14:08:08','2016-08-20 14:08:08','sister','single','employed','female'),(234,'Ernest','Okonofua',1,'08016164538','1984-03-22','4close 3th avenue gowon estate ipapa','okonofuaenrnest@gmail.com',31,NULL,'2016-08-20 14:08:09','2016-08-20 22:45:09',NULL,NULL,NULL,NULL),(235,'Bernice olufunke','Olufemi',0,'08023252166','1950-05-02','315toluwaloju olufemi street,ipapa',NULL,2,NULL,'2016-08-20 14:08:09','2016-08-20 14:08:09','dcns','married','retired','female'),(236,'Omowunmi segun','Emmanuel',0,'08136777216','2016-10-26','411rd,a close,block flat12 gowon estate lagos','omsheg2008@yahoo.com.uk',2,34,'2016-08-20 14:08:09','2018-10-08 14:44:48',NULL,NULL,NULL,NULL),(237,'Ruth','Mohammed',0,'08033324609','1953-07-05','hs05,kcis,34n,3rd aveune,gowon estate',NULL,14,NULL,'2016-08-20 14:08:09','2016-08-20 14:08:09','sister','married','retired','female'),(239,'Mecry.o.','Teberen',0,'07017033990','1959-07-04','plot272,11rd gowon estate','',14,27,'2016-08-20 14:08:09','2018-10-10 16:00:54',NULL,NULL,NULL,NULL),(240,'Adetutu','Ajayi',0,'08183817693','1974-07-02','plot259a,d close st aveune gowon','tayanngo@yahoo.com.uk',14,NULL,'2016-08-20 14:08:09','2016-08-20 14:08:09','sister','married','business enterpreneur','female'),(241,'Theresa','Owah',0,'08033523000','1967-09-02','10deleolaleye crescent ona-ara bus-stop','theresaowoh@yahoo.com',7,NULL,'2016-08-20 14:08:09','2018-11-02 10:42:19',NULL,NULL,NULL,NULL),(245,'Olushola','Oladejo',1,'07062594160','1986-12-19','block 2 flat 4 abesan housing estate','biyijunior@yahoo.com',2,NULL,'2016-08-20 14:08:09','2016-08-20 22:50:24',NULL,NULL,NULL,NULL),(246,'Adebanjo ','Osunderu',1,'0','2016-08-20','','',14,NULL,'2016-08-20 22:35:19','2018-10-10 17:13:02',NULL,NULL,NULL,NULL),(247,'Monisola mercy','Olusegun',0,'07037999653','1962-12-27','no.16,yinka folarin crescent,new london estate,baruwa','wolrayo@yahoo.com',2,NULL,'2016-09-26 18:33:19','2016-09-26 18:33:19',NULL,NULL,NULL,NULL),(248,'Abiodun christana','Adeniran',0,'07069545563','1992-12-25','1,adeniran close,opposite ipcl junction ipaja lagos.','adeniranabiodun51@yahoo.com',2,NULL,'2016-09-26 18:39:07','2016-09-26 18:39:07',NULL,NULL,NULL,NULL),(249,'Olayemi ','Obafemi',0,'08023458946','1959-08-02','B318 jakande estate ipaja lagos','iyobafemi@yahoo.com',2,NULL,'2016-09-26 18:43:59','2016-09-26 18:43:59',NULL,NULL,NULL,NULL),(250,'Sharon-rose okeoghene','Enyi',0,'08154736683','2016-09-26','plot3,bolajoko street,gemade estate,ipaja lagos.','saronenyi@gmail.com',2,NULL,'2016-09-26 18:56:36','2016-09-26 18:56:36',NULL,NULL,NULL,NULL),(251,'Blessing chinwedu','Osuji',0,'07065845267','1992-02-02','street AB,house32,federal low cost housing estate,moshalashi,b/stop.','wendeebb@gmail.com',32,NULL,'2016-09-26 19:04:29','2016-09-26 19:04:29',NULL,NULL,NULL,NULL),(252,'Grace','Abaku',0,'08142665509','1995-01-14','no,10 banola close baruwa inside ipaja','abakugrace@gmail.com',32,NULL,'2016-09-26 19:09:43','2017-01-26 15:06:58',NULL,NULL,NULL,NULL),(253,'Oluranti kehinde','Adeyemi',0,'08022014387','1972-07-14','BL36,FLCHE.Shagari ipaja lagos','',32,NULL,'2016-09-26 19:15:48','2016-09-26 19:15:48',NULL,NULL,NULL,NULL),(254,'Morenike ebulola','Siyanbola',0,'08182059433','1969-09-14','3rd avenue,311rd,C,Close,house24,gowon estate','siyanbolarenny@yahoo.com',32,NULL,'2016-09-26 19:23:50','2016-09-26 19:23:50',NULL,NULL,NULL,NULL),(255,'Afolabi','Adesina',0,'08121668356','2016-09-26','Block 86,flat6,abesan estate,ipaja','adexafol@yahoo.com',6,NULL,'2016-09-26 19:30:07','2016-09-26 19:30:07',NULL,NULL,NULL,NULL),(256,'Mary','Inegbenije',0,'08034178805','1975-07-14','53 road,Eclose,block I flat10,gowon estate ipaja','maukpe@yahoo.com',6,NULL,'2016-09-26 19:36:21','2016-09-26 19:36:21',NULL,NULL,NULL,NULL),(258,'Steven oghenro','Orororo',0,'08166672133','1988-04-20','Blk.480,flat5,abesen housing estate ipaja lagos.','stevenorororo@gmail.com',15,34,'2016-09-26 19:44:26','2018-10-08 14:40:21',NULL,NULL,NULL,NULL),(259,'Damilola','Adedugbagbe',0,'08038476259','1981-09-02','4,tawo talabi close,gate bus stop ipaja.','adedugbagbedamilola@gmail.com',15,NULL,'2016-09-26 19:47:48','2016-09-26 19:47:48',NULL,NULL,NULL,NULL),(261,'Mercy success','Eigbe',0,'08072033855','1982-07-21','5b,oluseun street,church bus stop ipaja lagos','eigbemary@gmail.com',27,NULL,'2016-09-26 19:55:40','2016-09-26 19:55:40',NULL,NULL,NULL,NULL),(264,'Oluwabunmi ibironke','Akinya',0,'08068667441','1991-04-27','18/20,asabi olayinka close,mercyland estate,atankekere,ipaja lagos','akinyabunmi@hotmail.com',27,NULL,'2016-09-26 20:13:58','2016-09-26 20:13:58',NULL,NULL,NULL,NULL),(265,'Oluwaseun adeola','Adeyemo',0,'08077204837','2016-09-26','flat2,blk.85,51 road,gowon estate egbeda.','seunsamuel197@yahoo.com',4,NULL,'2016-09-26 20:18:05','2016-09-26 20:18:05',NULL,NULL,NULL,NULL),(266,'Ijeoma ugochi','Odemena',0,'08030902234','1981-04-28','14,baale street,okeisangun off command road ipaja lagos.','unicij@yahoo.co.uk',4,NULL,'2016-09-26 20:27:18','2016-09-26 20:27:18',NULL,NULL,NULL,NULL),(268,'Ifesanmi opeyemi','Afolabi',0,'08153683538','1993-07-23','house4 D close,311road,gowon estate,ipaja lagos','sanmeafolabi@yahoo.com',3,NULL,'2016-09-26 20:55:12','2016-09-26 20:55:12',NULL,NULL,NULL,NULL),(269,'Samuel olugbenga','Obafemi',0,'08035732170','1959-09-03','Blk,318,flat6,abesan estate,ipaja,lagos','obafemitayor@gmail.com',4,NULL,'2016-09-26 21:01:22','2016-09-26 21:01:22',NULL,NULL,NULL,NULL),(270,'Damilola','Solomon',0,'08067902701','1987-08-15','no,1,adebayo close,gemade estate ipaja lagos','oladejodamilola@gmail.com',4,NULL,'2016-09-26 21:04:21','2016-09-26 21:04:21',NULL,NULL,NULL,NULL),(272,'Abiola olubusola','Oyebode',0,'08035798139','1979-10-06','no.17,cele street,amosun ipaja lagos','busolaoyebode@gmail.com',8,NULL,'2016-09-26 21:10:42','2016-09-26 21:10:42',NULL,NULL,NULL,NULL),(274,'Tinuola','Oladele',0,'08160419993','2016-09-26','plot74,1st.avenue,123road,gowon estate ipaja','tinuoladele@yahoo.com',10,27,'2016-09-26 21:18:03','2018-10-10 16:05:32',NULL,NULL,NULL,NULL),(276,'Evelyn','Chukumah',0,'07060556561','2016-09-26','52road,A close,house43 gowon estate ipaja lagos','iynopa200@yahoo.com',7,NULL,'2016-09-26 21:24:34','2016-09-26 21:24:34',NULL,NULL,NULL,NULL),(277,'Chidi nzekwe','Ochem',0,'08032276952','1981-07-02','Block248,flat6,abesan estate ipaja lagos','ochechinzeking@yahoo.com',13,NULL,'2016-09-26 21:28:28','2016-09-26 21:28:28',NULL,NULL,NULL,NULL),(279,'Mercy ayomide','Oyeniyi',0,'08095138228','1985-01-13','Block1,flat12,navy block,411 road gowon estate lagos','olajideayomide@gmail.com',10,NULL,'2016-09-26 21:37:45','2016-09-26 21:37:45',NULL,NULL,NULL,NULL),(282,'Jumoke racheal','Sholu',0,'08037211414','1980-09-24','2,oruma street,spring valley estate, water bus stop,ipaja lagos','princess_jummy24@yahoo.com',8,NULL,'2016-09-26 21:52:12','2016-09-26 21:52:12',NULL,NULL,NULL,NULL),(283,'Foluke agnes','Adeniran',0,'08052688305','1990-05-30','no.1,adeniran close,isale odo,ipaja lagos','folakeadeniran2@gmail.com',3,NULL,'2016-09-26 21:55:13','2018-11-01 19:40:05',NULL,NULL,NULL,NULL),(286,'Lucy morenike','Daniel',0,'08121271616','1960-04-09','Block9,plot1,dove estate o old otta road lagos','danbol2005@yahoo.com',20,NULL,'2016-09-26 22:07:02','2016-09-26 22:07:02',NULL,NULL,NULL,NULL),(287,'Grace yetunde','Olojo',0,'08034657293','1979-02-01','17,ogundele street,george crescent,abiola progressive estate,ayobo lagos','olojograce@ymail.com',10,NULL,'2016-09-26 22:16:30','2016-09-26 22:16:30',NULL,NULL,NULL,NULL),(288,'Oluwakemi bunmi','Ogunsan',0,'08164664233','1980-02-14','Block30,flat6,abesan estate ipaja lagos','chemnistic2007@yahoo.com',1,NULL,'2016-09-26 22:19:45','2016-09-29 15:18:22',NULL,NULL,NULL,NULL),(292,'Florence uwamere','Oluwatomiloye',0,'08146167800','1972-03-05','9.town planning road mosan bus stop.','ftomiloye@yahoo.com',20,NULL,'2016-09-27 14:43:22','2016-09-27 14:43:22',NULL,NULL,NULL,NULL),(293,'Modupe','Oginni',0,'08188452669','2016-09-27','3,baale street mosan,shagari estate.','modupeolukoya@hotmail.com',12,NULL,'2016-09-27 14:46:37','2016-09-27 14:46:37',NULL,NULL,NULL,NULL),(297,'Helen','Oladele',0,'08037264592','1966-09-27','114 by 11road,house 19,gowon estate egbeda.','',1,NULL,'2016-09-27 15:13:30','2016-09-27 15:13:30',NULL,NULL,NULL,NULL),(298,'Abosede','Adedini',0,'08033791093','1959-08-09','9,okla-royal,gemade estate','',20,NULL,'2016-09-27 15:24:05','2016-09-27 15:24:05',NULL,NULL,NULL,NULL),(299,'Stella .O','Owoeye',0,'08028596037','1954-04-11','plot 227,A close 113 road 1st avenue,gowon esate.','',20,NULL,'2016-09-27 15:27:59','2016-09-29 15:10:23',NULL,NULL,NULL,NULL),(300,'Victoria iyabode','Abolarin',0,'08037208371','1950-07-07','23,ibikunle street mosan','',2,20,'2016-09-27 15:32:03','2016-09-27 15:32:03',NULL,NULL,NULL,NULL),(301,'Abiola','Joseph',0,'08064737966','1979-07-08','13,olajide esan close ponle egbeda bus stop','pharmafly@yahoo.com',4,20,'2016-09-27 15:36:04','2016-09-29 13:55:24',NULL,NULL,NULL,NULL),(302,'Olalekan','Ajai',0,'08023096185','2016-09-27','18,C close,311 road,gowon estate,ipaja.','',20,NULL,'2016-09-27 15:39:17','2016-09-27 15:39:17',NULL,NULL,NULL,NULL),(303,'Miracle','Effiom',0,'08101840236','1988-08-28','house41,dowu street,olofin royal estate,isheri','effiommiracle@gmal.com',4,NULL,'2016-09-27 15:44:02','2016-09-27 15:44:02',NULL,NULL,NULL,NULL),(304,'Deborah','Shorinola',0,'07085008010','1990-01-21','32,greenland street,ipaja lagos','oyinsoladeborah@gmail.com',4,NULL,'2016-09-27 15:48:02','2016-09-27 15:48:02',NULL,NULL,NULL,NULL),(305,'Modupe','Awoyinfa',0,'08033532772','1958-03-19','Block249,flat5,abesan estate,ipaja lagos','',6,NULL,'2016-09-27 15:52:53','2016-09-27 15:52:53',NULL,NULL,NULL,NULL),(307,'Racheal','Odedeji',0,'08029452347','1952-11-26','Blk.87 Flt.1,abesan estate','',6,NULL,'2016-09-27 16:07:29','2016-09-27 16:07:29',NULL,NULL,NULL,NULL),(309,'Olusegun','Otuyemi',0,'08033950382','1983-08-26','plot15,kingdom hall road,gemade estate ipaja','segebanty2028@yahoo.com',6,34,'2016-09-27 16:20:53','2018-10-08 14:31:45',NULL,NULL,NULL,NULL),(310,'Victoria iyabode','Olowoparija',0,'08023288642','1977-10-28','136 flat1 abesan estate ipaja','',6,NULL,'2016-09-27 16:23:03','2016-09-27 16:23:03',NULL,NULL,NULL,NULL),(311,'Jumoe margret','Taiwo',0,'08108405356','1944-06-03','1st,avenue,11road B close house31','',6,NULL,'2016-09-27 16:25:15','2016-09-27 16:25:15',NULL,NULL,NULL,NULL),(315,'Aderemi','Aderinkomi',0,'08099312534','1972-08-23','10,olakanle avenue,luwaga ipaja','',6,NULL,'2016-09-27 17:36:43','2016-09-27 17:36:43',NULL,NULL,NULL,NULL),(316,'Mabel','Solomon',0,'08035161481','1960-02-01','2,adebayo close,gemade estate','',6,NULL,'2016-09-27 17:39:27','2016-09-27 17:39:27',NULL,NULL,NULL,NULL),(317,'Christiana abosede','Ladejobi',0,'08033934103','1946-05-14','47,candos road baruwa','',6,NULL,'2016-09-27 17:41:48','2016-09-27 17:41:48',NULL,NULL,NULL,NULL),(318,'Margret','Omokaro',0,'08083972930','1919-08-08','plot24,122,12road,gowon estate','',10,NULL,'2016-09-27 17:44:43','2016-09-27 17:44:43',NULL,NULL,NULL,NULL),(319,'Odunayo','Hassan',0,'08155654258','2016-09-27','25,arubiewe street mosan ipaja','',10,34,'2016-09-27 17:46:22','2018-10-08 14:47:07',NULL,NULL,NULL,NULL),(321,'Abiodun','Adeniran',0,'07069545563','1992-12-25','1,aderinran close,isale-odo,ipaja','abiodunadeniran@yaho.com',3,NULL,'2016-09-27 17:59:32','2016-09-27 17:59:32',NULL,NULL,NULL,NULL),(322,'Favor onuoha','Onuoha',0,'08102203794','1964-05-01','BD13,FLCH','',24,NULL,'2016-09-27 18:05:59','2018-10-30 16:34:17',NULL,NULL,NULL,NULL),(323,'Margret oluwatoyin','Badru',0,'08038494896','1957-09-09','Block533,flat6 abesan housing estate','',24,NULL,'2016-09-27 18:08:28','2016-09-27 18:08:28',NULL,NULL,NULL,NULL),(324,'Amende','Ayemenre',0,'08039099918','2016-09-27','Block539,flat3 abesan estate','',24,NULL,'2016-09-27 18:10:15','2016-09-27 18:10:15',NULL,NULL,NULL,NULL),(325,'Racheal aderonke','Ladejobi',0,'08031958779','2016-09-27','47,candos road baruwa','ronkedrich@gmail.com',24,NULL,'2016-09-27 18:13:06','2016-09-27 18:13:06',NULL,NULL,NULL,NULL),(326,'Morenikeji','Taiwo',0,'08028190979','2016-09-27','house31,B close,11road,gowon estate,ipaja lagos','',24,NULL,'2016-09-27 18:15:39','2016-09-27 18:15:39',NULL,NULL,NULL,NULL),(327,'Oluwole gabriel','Owojuyigbe',0,'07068302640','1989-08-01','4,olu-odeyomi close water bus stop,ipaja lagos','princeolu02@gmail.com',24,NULL,'2016-09-27 18:19:28','2016-09-27 18:19:28',NULL,NULL,NULL,NULL),(328,'Isaac','Osamor',0,'07069648010','1990-01-23','C48,shagari estate ipaja','',24,NULL,'2016-09-27 18:21:12','2016-09-27 18:21:12',NULL,NULL,NULL,NULL),(329,'Philips','Sanni',0,'07061104824','1988-12-23','7,tejumade street,abule oki,iyanna ipaja','philip.omaoj@gmail.com',31,NULL,'2016-09-27 18:25:41','2016-09-27 18:25:41',NULL,NULL,NULL,NULL),(330,'Onyeka','Nwobodo',0,'08037896623','1989-02-09','house7,C&E close,34road,3rd avenue,gowon estate,egbeda','',15,NULL,'2016-09-27 18:31:11','2016-09-27 18:31:11',NULL,NULL,NULL,NULL),(331,'Joyce okeoghene','Aghanda',0,'07038957103','1991-02-20','113,gowon estate,egbeda lagos','agbanobijoyce@yahoo.com',15,NULL,'2016-09-27 18:34:08','2016-09-27 18:34:08',NULL,NULL,NULL,NULL),(332,'Abraham','Falodun',0,'08035150126','2016-09-27','54,oduwole street off abule odu,egbeda','donfalab@gmail.com',3,NULL,'2016-09-27 18:37:08','2016-09-27 18:37:08',NULL,NULL,NULL,NULL),(333,'Oluwafunmilayo','Ajigbade',0,'08059824948','1985-09-03','boys town,foluwe majekodunmi street','',3,NULL,'2016-09-27 18:40:19','2016-09-27 18:40:19',NULL,NULL,NULL,NULL),(334,'Unwunu','Asuauo',0,'08057483029','1971-05-17','BB31,shagari estate','',4,NULL,'2016-09-27 18:45:41','2016-09-27 18:45:41',NULL,NULL,NULL,NULL),(335,'Mathew yinka','Adeyemi',0,'08085220352','1951-09-16','block191,flat4,abesan estate','',16,NULL,'2016-09-27 18:49:32','2016-09-27 18:49:32',NULL,NULL,NULL,NULL),(336,'Onasis','Okpei',0,'08033223684','1973-09-26','DC24,shagari estate,mosan ipaja.','',2,NULL,'2016-09-27 18:52:00','2016-09-27 18:52:00',NULL,NULL,NULL,NULL),(338,'Tina','Ugbebor',0,'08028346144','1978-08-03','no.17,governors road,ikotun lagos','rachealtma@yahoo.com',2,NULL,'2016-09-27 18:59:53','2016-09-29 13:48:14',NULL,NULL,NULL,NULL),(339,'Olufisayo','Oluwaleye',0,'08035369745','1984-06-25','','fisayoolabiyi@rocketmail.com',2,34,'2016-09-27 19:02:29','2018-10-08 14:45:19',NULL,NULL,NULL,NULL),(340,'Margret abosede','Oyebanji',0,'08053457237','1952-05-16','BG29,shagari estate ipaja lagos','',24,NULL,'2016-09-27 19:04:44','2016-09-27 19:04:44',NULL,NULL,NULL,NULL),(341,'Oluwafemi','Bewaji',0,'08035858490','1968-01-17','2,elegbede street, baruwa ipaja lagos','',24,NULL,'2016-09-27 19:07:07','2016-09-27 19:07:07',NULL,NULL,NULL,NULL),(342,'Olabisi','Ugorji',0,'08094525666','2016-09-27','26,yetunde kuforiji,ayobo lagos','ugorjiolabisi@yahoo.com',24,NULL,'2016-09-27 19:09:05','2016-09-27 19:09:05',NULL,NULL,NULL,NULL),(343,'Nosarieme','Abey',0,'08067644483','1988-03-08','18,oyemade street,santos layout,akowonjo','notus09@yahoo.com',24,NULL,'2016-09-27 19:11:58','2016-09-27 19:11:58',NULL,NULL,NULL,NULL),(344,'Agne abeni','Dada',0,'08056482394','1940-08-31','house14,C close,31 road,gowon estate,ipaja lagos','',24,NULL,'2016-09-27 19:14:05','2016-09-27 19:14:05',NULL,NULL,NULL,NULL),(345,'Eunice','Olusupo',0,'08124050266','2016-09-27','46/48 AH,street shagari estate','',24,NULL,'2016-09-27 19:17:59','2016-09-27 19:17:59',NULL,NULL,NULL,NULL),(346,'Ify','Nwokocha',0,'07080107408','2016-09-27','AC35,shagari estate','',24,NULL,'2016-09-27 19:19:45','2016-09-27 19:19:45',NULL,NULL,NULL,NULL),(347,'Olubode','Adetunji',0,'07037047895','1982-04-22','4,alex ogunjobi street,ipaja command road','bodetunji2200@gmail.com',14,NULL,'2016-09-27 19:22:41','2016-09-27 19:22:41',NULL,NULL,NULL,NULL),(348,'Florence modupe','Benson',0,'0803839899','1954-04-20','no.11,oyekan street,libety estate,ikola-ipaja,lagos','bensonmodupeore@yahoo.com',2,NULL,'2016-09-27 19:33:09','2016-09-29 15:53:54',NULL,NULL,NULL,NULL),(349,'Joy','Okpei',0,'07039333844','1976-03-09','DC24,shagari estate,mosan ipaja.','get2joy@gmail.com',32,NULL,'2016-09-27 19:35:26','2016-09-27 19:35:26',NULL,NULL,NULL,NULL),(350,'Agnes ','Dada',0,'08030557580','1950-07-21','block488,flat6,abesan estate ipaja lagos','',24,NULL,'2016-09-27 19:37:35','2016-09-27 19:37:35',NULL,NULL,NULL,NULL),(351,'Rose','Abutu',0,'07033384214','2016-09-27','31,road,C close','',24,NULL,'2016-09-27 19:41:56','2016-09-27 19:41:56',NULL,NULL,NULL,NULL),(352,'Josephine','Ajayi',0,'08084446621','2016-09-27','block5,flat3,401road,gowon estate','',24,NULL,'2016-09-27 19:43:40','2016-09-27 19:43:40',NULL,NULL,NULL,NULL),(353,'Elizabeth','Owhere',0,'08085795555','2016-09-27','block13,flat5,abeesan estate','',24,NULL,'2016-09-27 19:45:23','2016-09-27 19:45:23',NULL,NULL,NULL,NULL),(354,'Emmanuel','Odita',0,'08034715915','1962-08-19','8,tioluwani street,grmade  egbeda lagos','oditaemmanuel680@gmail.com',4,NULL,'2016-09-27 19:48:08','2016-09-27 19:48:08',NULL,NULL,NULL,NULL),(355,'Eniola','Gbadebo',0,'08023109613','1966-03-29','DB23,shagari estate','',4,NULL,'2016-09-27 19:50:10','2016-09-27 19:50:10',NULL,NULL,NULL,NULL),(356,'Festus olusegun','Durojaiye',0,'08022878098','1941-09-03','block138,flat1,abesan estate','',24,NULL,'2016-09-27 19:52:42','2016-09-27 19:52:42',NULL,NULL,NULL,NULL),(358,'Funke','Olorunyomi',0,'08182456066','1989-04-03','20 Ogunmokun Street, Gemade Estate, Lagos','signalmaficool@yahoo.com',10,33,'2016-09-29 14:46:04','2017-03-06 22:57:23',NULL,NULL,NULL,NULL),(359,'Ebunoluwa','Munis',0,'08028300892','1957-07-03','House 3, C close,  33 road, 3RD Ave, Gowon Estate, Ipaja','',7,NULL,'2016-09-29 14:59:51','2016-09-29 15:00:22',NULL,NULL,NULL,NULL),(360,'Nkechi Okey','Ukoha',0,'08037785520','1985-05-27','311 Rd, A close, Gowon Estate','',7,NULL,'2016-09-29 15:04:12','2016-09-29 15:04:12',NULL,NULL,NULL,NULL),(362,'Folasade','Akindele',0,'08061371136','1983-09-08','No 18, Akinwande street, Council bus-stop, Idimu, Lagos','hollamide2000@yahoo.com',32,NULL,'2017-04-14 11:00:48','2018-10-10 17:08:58',NULL,NULL,NULL,NULL),(363,'Williams','Adesola',0,'0816630932','2018-09-09','','',3,NULL,'2018-09-09 17:12:01','2018-09-09 17:12:01',NULL,NULL,NULL,NULL),(366,'Kadri','Tina Nkechi',0,'07066637236','2018-09-09','','',3,NULL,'2018-09-09 17:15:54','2018-09-09 17:15:54',NULL,NULL,NULL,NULL),(367,'Adedipe','Abimbola',0,'08023312590','2018-09-09','','',7,NULL,'2018-09-09 17:16:42','2018-09-09 17:16:42',NULL,NULL,NULL,NULL),(368,'Oluwaseyi','Oshinaike',0,'08149509675','2018-09-09','','',7,NULL,'2018-09-09 17:21:05','2018-09-09 17:21:05',NULL,NULL,NULL,NULL),(369,'Gbemisola','Olowofela',0,'08023172695','2018-09-09','','',24,NULL,'2018-09-09 17:22:23','2018-09-09 17:22:23',NULL,NULL,NULL,NULL),(370,'Hassan ','Adeleke',0,'08051070134','2018-09-09','','',2,NULL,'2018-09-09 17:24:51','2018-09-09 17:24:51',NULL,NULL,NULL,NULL),(371,'Akintunde','Oladipupo',0,'08054324999','2018-09-09','','',2,16,'2018-09-09 17:27:30','2018-09-11 11:59:20',NULL,NULL,NULL,NULL),(372,'Joy O','Lawal',0,'08129187318','2018-09-09','','',8,NULL,'2018-09-09 17:33:04','2018-09-09 17:33:04',NULL,NULL,NULL,NULL),(373,'Fadehan','Ojuolape',0,'08027706520','2018-09-09','','',8,NULL,'2018-09-09 17:44:05','2018-09-09 17:44:05',NULL,NULL,NULL,NULL),(374,'Adeoye','Adeola',0,'08107634335','2018-09-11','','',8,NULL,'2018-09-11 10:29:44','2018-09-11 10:29:44',NULL,NULL,NULL,NULL),(375,'Adebunmi ','Fashina',0,'08093855065','2018-09-11','','',24,NULL,'2018-09-11 10:30:37','2018-09-11 10:30:37',NULL,NULL,NULL,NULL),(376,'Ijitola','Oluwaseun',0,'08132287338','2018-09-11','','',32,NULL,'2018-09-11 10:37:54','2018-09-11 10:37:54',NULL,NULL,NULL,NULL),(377,'Patience','Skauemen',0,'08132428053','2018-09-11','','',1,NULL,'2018-09-11 10:43:43','2018-09-11 10:44:27',NULL,NULL,NULL,NULL),(378,'Abimbola','Ogunyemi',0,'08034076014','2018-09-11','','',24,NULL,'2018-09-11 10:45:10','2018-09-11 10:45:10',NULL,NULL,NULL,NULL),(379,'Magret','Olagoke',0,'08068757537','2018-09-11','','',1,NULL,'2018-09-11 10:45:44','2018-09-11 10:46:21',NULL,NULL,NULL,NULL),(380,'Tumilara','Adebowale',0,'08059747617','2018-09-11','','',4,NULL,'2018-09-11 10:47:18','2018-09-11 10:47:18',NULL,NULL,NULL,NULL),(381,'Silver','Venison',0,'07062650879','2018-09-11','','',4,NULL,'2018-09-11 10:47:55','2018-09-11 10:47:55',NULL,NULL,NULL,NULL),(382,'Ayeni','Nancy',0,'08187287715','2018-09-11','','',24,NULL,'2018-09-11 10:48:28','2018-09-11 10:48:28',NULL,NULL,NULL,NULL),(383,'Foluso','Omopariola',0,'08065508075','2018-09-11','','',24,NULL,'2018-09-11 10:49:11','2018-09-11 10:49:11',NULL,NULL,NULL,NULL),(385,'Abiola','Abiodun',0,'08037503943','2018-09-11','','',24,10,'2018-09-11 10:56:13','2018-10-10 14:58:03',NULL,NULL,NULL,NULL),(386,'Bello','Ayotomiwa',0,'08107665385','2018-09-11','','',24,NULL,'2018-09-11 10:56:49','2018-09-11 10:56:49',NULL,NULL,NULL,NULL),(389,'Adenrele','Oyewo',0,'09027061574','2018-09-11','','',10,NULL,'2018-09-11 10:58:11','2018-09-11 10:59:20',NULL,NULL,NULL,NULL),(391,'Emeka','Onyeukwu',0,'08023287238','2018-09-11','','',24,16,'2018-09-11 11:00:14','2018-09-11 11:59:48',NULL,NULL,NULL,NULL),(392,'Martins','Akalu',0,'08137420174','2018-09-11','','',10,NULL,'2018-09-11 11:00:59','2018-09-11 11:01:41',NULL,NULL,NULL,NULL),(394,'Olajumoke Anike','Adejola',0,'08064540609','2018-09-11','','',27,NULL,'2018-09-11 11:03:12','2018-09-11 11:03:12',NULL,NULL,NULL,NULL),(397,'Olubanji','Ompariola',0,'08130500630','2018-09-11','','',20,NULL,'2018-09-11 11:31:47','2018-09-11 11:31:47',NULL,NULL,NULL,NULL),(398,'Kelechi','Eruba',0,'07030851314','2018-09-11','','',20,NULL,'2018-09-11 11:32:40','2018-09-11 11:32:40',NULL,NULL,NULL,NULL),(400,'Believe','Benson',0,'09097975298','2018-09-11','','',31,NULL,'2018-09-11 11:35:29','2018-09-11 11:35:29',NULL,NULL,NULL,NULL),(401,'Tony Tosin','Akande',0,'','2018-09-11','','',31,NULL,'2018-09-11 11:36:01','2018-09-11 11:36:01',NULL,NULL,NULL,NULL),(402,'Emmanuel','Olajire',0,'07064757169','2018-09-11','','',12,NULL,'2018-09-11 11:49:31','2018-09-11 11:49:31',NULL,NULL,NULL,NULL),(403,'Damilare','Akano',0,'08095566238','2018-09-11','','',12,10,'2018-09-11 11:51:17','2018-09-11 11:57:37',NULL,NULL,NULL,NULL),(405,'Oluseyi','Oyebode',0,'08023522804','2018-09-11','','',10,NULL,'2018-09-11 11:53:31','2018-09-11 11:53:31',NULL,NULL,NULL,NULL),(407,'Simon','Ogbeide',0,'08160814313','2018-09-11','','',10,15,'2018-09-11 11:54:39','2018-09-11 11:58:54',NULL,NULL,NULL,NULL),(408,'Vennson','Silver',0,'07062650879','2018-09-11','','',10,NULL,'2018-09-11 11:57:01','2018-09-11 11:57:01',NULL,NULL,NULL,NULL),(409,'Adesina','Adetunji',0,'081814824023','2018-09-11','','',4,NULL,'2018-09-11 12:00:42','2018-09-11 12:00:42',NULL,NULL,NULL,NULL),(410,'Olamileka','Olusesi',0,'07055809963','2018-09-11','','',31,NULL,'2018-09-11 12:01:05','2018-09-11 12:02:02',NULL,NULL,NULL,NULL),(411,'Charles','Oriayo',0,'08187452617','1995-05-09','Plot 22, Kingdom hall way, Gemade Estate, Egbeda< Lagos','oriayocharles@yahoo.com',2,34,'2018-09-11 14:32:38','2018-10-08 14:32:14',NULL,NULL,NULL,NULL),(412,'Alabi','Olufemi',0,'08037789240','2018-10-01','Gowon Estate','',13,NULL,'2018-10-01 12:11:31','2018-10-01 12:11:31',NULL,NULL,NULL,NULL),(413,'Oba','Kafaru',1,'08023459676','2018-10-01','Iyana Ipaja','',16,NULL,'2018-10-01 12:13:32','2018-11-03 19:29:05',NULL,NULL,NULL,NULL),(414,'Segun','Ajayi',0,'08038388791','2018-10-01','Gowon Estate','',16,NULL,'2018-10-01 12:15:30','2018-10-01 12:15:30',NULL,NULL,NULL,NULL),(415,'Jude','Ekama',0,'08038452549','2018-10-01','Opeki Ipaja','',16,NULL,'2018-10-01 12:17:14','2018-10-01 12:17:14',NULL,NULL,NULL,NULL),(416,'Raphel','Badru',0,'07032675763','2018-10-01','Abesan Estate','',16,NULL,'2018-10-01 12:18:28','2018-10-01 12:18:28',NULL,NULL,NULL,NULL),(417,'Babayemi','Abgabiaka',0,'08099291715','2018-10-01','Ayobo','',16,NULL,'2018-10-01 12:19:39','2018-10-01 12:19:39',NULL,NULL,NULL,NULL),(418,'Ufot','Monday',0,'07038426758','2018-10-01','Baruwa','',16,NULL,'2018-10-01 12:20:44','2018-10-01 12:20:44',NULL,NULL,NULL,NULL),(419,'Olaoye','Oyelowo',0,'08025670793','2018-10-01','Ikola command','',16,NULL,'2018-10-01 12:22:50','2018-10-01 12:22:50',NULL,NULL,NULL,NULL),(420,'Ifeoluwa','Oluseye',0,'080544760491','2018-10-01','34, mayowa street, off Okunola road egbeda ','',6,NULL,'2018-10-01 12:25:08','2018-10-01 12:25:08',NULL,NULL,NULL,NULL),(421,'Oluwasegun','Odunuga',0,'07066408704','2018-10-01','','',6,27,'2018-10-01 12:26:17','2018-10-10 12:51:18',NULL,NULL,NULL,NULL),(422,'Obafemi','Olayemi',0,'','2018-10-01','','',6,NULL,'2018-10-01 12:27:14','2018-10-01 12:27:14',NULL,NULL,NULL,NULL),(423,'Rose','Okoaye',0,'','2018-10-01','','',6,NULL,'2018-10-01 12:27:58','2018-10-01 12:27:58',NULL,NULL,NULL,NULL),(424,'Benson','Oyinlola',0,'08067003420','2018-10-01','Command, Ipaja','',6,NULL,'2018-10-01 12:29:21','2018-10-01 12:29:21',NULL,NULL,NULL,NULL),(425,'Esther','Orogun',0,'08029518600','2018-10-01','Gemade Estate','',6,NULL,'2018-10-01 12:31:44','2018-10-01 12:31:44',NULL,NULL,NULL,NULL),(426,'Ayuk atem ','Raoul',0,'09053602568','2018-10-01','Gowon Estate','',6,NULL,'2018-10-01 12:33:36','2018-10-01 12:33:36',NULL,NULL,NULL,NULL),(428,'Godfrey','Benson',0,'07067076935','2018-10-01','Shagari Estate','',6,NULL,'2018-10-01 12:36:44','2018-10-01 12:36:44',NULL,NULL,NULL,NULL),(429,'Johnson','Oginni',0,'08188875595','2018-10-01','Iyana ipaja','',11,34,'2018-10-01 12:38:14','2018-10-08 14:19:12',NULL,NULL,NULL,NULL),(430,'Adebeso','Adetokunbo',0,'08056208847','2018-10-01','Jakande Estate','',11,NULL,'2018-10-01 12:39:34','2018-10-01 12:39:34',NULL,NULL,NULL,NULL),(431,'Similoluwa','Oluwatobi',0,'08029897917','2018-10-01','Jakande Estate','',11,NULL,'2018-10-01 12:41:03','2018-10-01 12:41:03',NULL,NULL,NULL,NULL),(432,'Collins','Okunbor',0,'07084843604','2018-10-08','','',24,13,'2018-10-08 12:02:04','2018-10-08 12:02:04',NULL,NULL,NULL,NULL),(433,'Temitope','Adeniyi',0,'0803600101','2018-10-08','Block 109, Flat 1, Abesan Estate, Ipaja.','',24,7,'2018-10-08 12:42:06','2018-10-08 12:42:06',NULL,NULL,NULL,NULL),(434,'Princewill','Eyinmisan',0,'','2018-10-08','','',7,32,'2018-10-08 12:44:27','2018-10-10 12:48:27',NULL,NULL,NULL,NULL),(435,'Kate','Ayeni',0,'','2018-10-08','','',7,NULL,'2018-10-08 12:45:39','2018-10-08 12:45:39',NULL,NULL,NULL,NULL),(436,'Oluwayemisi','Ogundiran',0,'08068652481','2018-10-08','Ni 14, Ifelodun Street, Akinyele B.stop','',24,NULL,'2018-10-08 12:49:42','2018-10-08 12:49:42',NULL,NULL,NULL,NULL),(437,'Dcn. Folorunsho','Akinya ',0,'08023181036','2018-10-08','','',34,NULL,'2018-10-08 12:54:21','2018-10-08 12:54:21',NULL,NULL,NULL,NULL),(438,'Folasade','Faleye',0,'08167603319','2018-10-08','','',32,34,'2018-10-08 12:56:47','2018-10-10 15:33:14',NULL,NULL,NULL,NULL),(439,'DCNS. Adunni','Adefehinti',0,'08033765482','2018-10-08','','',34,NULL,'2018-10-08 12:58:01','2018-10-08 12:58:01',NULL,NULL,NULL,NULL),(441,'DCN. Odunayo','Akinola',0,'07055555363','2018-10-08','','',34,NULL,'2018-10-08 13:00:50','2018-10-08 13:00:50',NULL,NULL,NULL,NULL),(442,'DCN, Wole','Adeleye',0,'08030700307','2018-10-08','','',34,34,'2018-10-08 13:07:53','2018-11-03 18:30:28',NULL,NULL,NULL,NULL),(443,'Funmi','Ajibade',0,'08024427437','2018-10-08','','',34,NULL,'2018-10-08 13:10:48','2018-10-08 13:10:48',NULL,NULL,NULL,NULL),(444,'Dcns.Owowa','C.D',0,'08056021786','2018-10-08','','',34,NULL,'2018-10-08 13:12:50','2018-10-08 13:12:50',NULL,NULL,NULL,NULL),(445,'DCN.Sunday','Emojeya',0,'08060808201','2018-10-08','','',34,NULL,'2018-10-08 13:15:46','2018-10-08 13:15:46',NULL,NULL,NULL,NULL),(446,'Olatuyi','Oluleye',0,'08170046171','2018-10-08','','',34,32,'2018-10-08 13:19:14','2018-10-10 15:21:42',NULL,NULL,NULL,NULL),(447,'Francisca','Okpabule',0,'0813718162','2018-10-08','','',34,NULL,'2018-10-08 13:31:32','2018-10-08 13:31:32',NULL,NULL,NULL,NULL),(448,'Emmanuel','Gbadebo',0,'08034616201','2018-10-08','','',34,NULL,'2018-10-08 13:34:19','2018-10-08 13:34:19',NULL,NULL,NULL,NULL),(449,'DCNS.  Modupe','Awoyinfa',0,'08033532772','2018-10-08','','',34,NULL,'2018-10-08 13:43:01','2018-10-08 13:43:01',NULL,NULL,NULL,NULL),(450,'Solomon','Haastrup',0,'08062390364','2018-10-08','','',34,4,'2018-10-08 13:45:34','2018-10-08 13:45:34',NULL,NULL,NULL,NULL),(451,'Onasis','Ikpei',0,'08033223684','2018-10-08','','',34,NULL,'2018-10-08 13:51:24','2018-10-08 13:51:24',NULL,NULL,NULL,NULL),(452,'Rotimi','Oluwayomi',0,'08182456066','2018-10-08','','',34,NULL,'2018-10-08 13:53:56','2018-10-08 13:53:56',NULL,NULL,NULL,NULL),(453,'Akinda','Aduragbemi',0,'08114940314','2018-10-08','','',34,NULL,'2018-10-08 13:58:30','2018-10-08 13:58:30',NULL,NULL,NULL,NULL),(454,'Gbemisola','Olude',0,'08035799516','2018-10-08','','',34,34,'2018-10-08 14:03:34','2018-10-08 14:03:34',NULL,NULL,NULL,NULL),(455,'DCNS. Bola','Thomas',0,'08057477061','2018-10-08','','',34,2,'2018-10-08 14:04:29','2018-10-08 14:04:29',NULL,NULL,NULL,NULL),(456,'Tunde','Oluwole',0,'08126849681','2018-10-08','','',34,2,'2018-10-08 14:05:50','2018-10-08 14:05:50',NULL,NULL,NULL,NULL),(457,' Olamide','Sis Adesoye',0,'08033949527','2018-10-08','','',34,NULL,'2018-10-08 14:17:19','2018-11-03 18:45:16',NULL,NULL,NULL,NULL),(458,'Sis. Salami ','Ekeade',0,'08169339981','2018-10-08','','',34,NULL,'2018-10-08 14:18:24','2018-10-08 14:18:24',NULL,NULL,NULL,NULL),(459,'DCNS. Ajibose','Omotunde',0,'08034130465','2018-10-08','','',34,NULL,'2018-10-08 14:20:24','2018-10-08 14:20:24',NULL,NULL,NULL,NULL),(460,'Sis. Tolu','Ojube',0,'08023373738','2018-10-08','','',34,NULL,'2018-10-08 14:29:45','2018-10-08 14:29:45',NULL,NULL,NULL,NULL),(461,'DCN. Ezekiel','Akinolu',0,'08168883961','2018-10-08','','',34,NULL,'2018-10-08 14:31:09','2018-10-08 14:31:09',NULL,NULL,NULL,NULL),(462,'Sis.Mayokun','Makinde',0,'08023559949','2018-10-08','','',24,34,'2018-10-08 14:35:14','2018-10-08 14:35:14',NULL,NULL,NULL,NULL),(463,'DCNS. Tinuade','Kolade',0,'08023212761','2018-10-08','','',34,NULL,'2018-10-08 14:36:21','2018-10-08 14:36:21',NULL,NULL,NULL,NULL),(464,'DCNS. Abifarin','Abifarin',0,'08033097488','2018-10-08','','',34,2,'2018-10-08 14:37:46','2018-10-08 14:37:46',NULL,NULL,NULL,NULL),(466,'Babatunde','Akinteye',0,'08133796828','2018-10-08','','',34,NULL,'2018-10-08 14:41:54','2018-11-03 18:41:38',NULL,NULL,NULL,NULL),(467,'Bro. Otula','Olumide',0,'0803454073','2018-10-08','','',34,NULL,'2018-10-08 14:44:00','2018-10-08 14:44:00',NULL,NULL,NULL,NULL),(468,'Agbabiaka ','Esther.O',0,'08033621281','2018-01-16','7, Oremeji Ebedi Street, Magida B/stop, Ipaja.','',32,NULL,'2018-10-10 12:38:46','2018-10-10 12:38:46',NULL,NULL,NULL,NULL),(469,'Eneje','Chidera',0,'07064578810','2018-10-10','10, Adele Street, Gowon Estate, Ipaja.','',32,NULL,'2018-10-10 12:40:04','2018-10-10 12:40:04',NULL,NULL,NULL,NULL),(470,'Olayiwola','peju',0,'08033833010','2018-10-10','Bs 5 Close, Pako Bus stop, Shagari Estate, Ipaja','',32,NULL,'2018-10-10 12:41:56','2018-10-10 12:41:56',NULL,NULL,NULL,NULL),(471,'Blessing ','Osuji',0,'07065845267','2018-10-10','AB 32, Fed. Low cost Housing estate, Mosalashi B/stop','',32,NULL,'2018-10-10 12:43:28','2018-10-10 12:43:28',NULL,NULL,NULL,NULL),(472,'Patience','Agboje',0,'08028353677','2018-10-10','Block B. T. 92, Flat 8, 34 Road, H\ close, Gowon estate','',32,NULL,'2018-10-10 12:45:15','2018-10-10 12:45:15',NULL,NULL,NULL,NULL),(473,'Oluwakemi','Ogunsanya',0,'08164664233','2018-10-10','Block 30, Flat 6, Abesan Estate','',32,NULL,'2018-10-10 12:46:28','2018-10-10 12:46:28',NULL,NULL,NULL,NULL),(474,'Sis. Adeshola','Eniolorunda',0,'081377737189','2018-10-10','32 Road, B close, Gowon Estate','',32,NULL,'2018-10-10 12:50:29','2018-10-10 12:50:29',NULL,NULL,NULL,NULL),(475,'Odunuga','Oluwakemi',0,'08028636649','2018-10-10','BD 42, Shagari Estate, Pako B/stop','',32,NULL,'2018-10-10 12:52:32','2018-10-10 12:52:32',NULL,NULL,NULL,NULL),(476,'Ijeoma.p','Ikpi',0,'08138800332','2018-10-10','52 road, C close, House 38, Gowon Estate','',32,NULL,'2018-10-10 12:54:43','2018-10-10 12:54:43',NULL,NULL,NULL,NULL),(477,'Omosowon','Omolara',0,'08154446572','2018-10-10','Plot13, Feadalex Crescent, Gemade Estate','',32,NULL,'2018-10-10 14:50:29','2018-10-10 14:50:29',NULL,NULL,NULL,NULL),(478,'Adefunke','Babarinde',0,'08033201338','2018-10-10','4, Hodonu Johnson Street, Fatolu-Ipaja','',32,NULL,'2018-10-10 14:52:33','2018-10-10 14:52:33',NULL,NULL,NULL,NULL),(479,'Onohitare','Akinyemi',0,'08052242748','2018-10-10','49, uwagboe Street, Baruwa, Ipaja.','',32,NULL,'2018-10-10 14:53:52','2018-10-10 14:53:52',NULL,NULL,NULL,NULL),(480,'Foluke','Abdul',0,'08035632452','2018-10-10','Block 186, Flat 2 Abesan Estate','',32,NULL,'2018-10-10 14:55:10','2018-10-10 14:55:10',NULL,NULL,NULL,NULL),(481,'Segun','olayiwola',0,'08072618294','2018-10-10','','',32,NULL,'2018-10-10 14:57:09','2018-10-10 14:57:09',NULL,NULL,NULL,NULL),(482,'Joy Abiola','Akinnubi',0,'0908852687','2018-10-10','31 road, C close house 7, Gowon Estate','',32,NULL,'2018-10-10 14:59:23','2018-10-10 14:59:23',NULL,NULL,NULL,NULL),(483,'Foluke','Oluwatominiyi',0,'07037239283','2018-10-10','Block 542, Flat 6, abesan Housing Estate','',32,NULL,'2018-10-10 15:00:50','2018-10-10 15:00:50',NULL,NULL,NULL,NULL),(484,'Bunmi','Omidiji',0,'08054201142','2018-10-10','18a, Keye Oyekan Street, Jesus Power b/stop, Shasha','',32,NULL,'2018-10-10 15:02:10','2018-10-10 15:02:10',NULL,NULL,NULL,NULL),(485,'Osas. P','Aiv-Osazuwa',0,'08135131247','2018-10-10','401 road, C close,, Block 2, Flat 4, Gowon Estate, Egbeda','',32,NULL,'2018-10-10 15:03:51','2018-10-10 15:03:51',NULL,NULL,NULL,NULL),(486,'Oluwakemi','Osunderu',0,'08060284722','2018-10-10','7, Babatayo Oni way Mosan','',32,NULL,'2018-10-10 15:05:21','2018-10-10 15:05:21',NULL,NULL,NULL,NULL),(487,'Modupeola','Amusan',0,'08180032015','2018-10-10','Block 563, Flat 5, Abesan Estate.','',32,NULL,'2018-10-10 15:06:54','2018-10-10 15:06:54',NULL,NULL,NULL,NULL),(488,'Olubunmi','Adenaike',0,'08033690901','2018-10-10','7A, Arefun Street, Ayobo','',32,NULL,'2018-10-10 15:08:20','2018-10-10 15:15:04',NULL,NULL,NULL,NULL),(489,'Theresa','Olawoyin',0,'08056805324','2018-10-10','7, Church Street, Majiyagbe Ipaja','',32,NULL,'2018-10-10 15:11:29','2018-10-10 15:11:29',NULL,NULL,NULL,NULL),(490,'Morenike','Siyanbola',0,'08036256624','2018-10-10','Block 203, 2nd Avenue, Road 21, Gowon Estate','',32,NULL,'2018-10-10 15:17:05','2018-10-10 15:17:05',NULL,NULL,NULL,NULL),(491,'Oluwafunmilayo Nellie','Itiowe',0,'08065655285','2018-10-10','13, Ajijola Anobi Street, Alimosho B/stop, Iyana ipaja','',32,NULL,'2018-10-10 15:20:12','2018-10-10 15:20:12',NULL,NULL,NULL,NULL),(492,'Helen','Oladele',0,'08037264592','2018-10-10','114 by 11 road, House 19, Gowon Estate','',32,NULL,'2018-10-10 15:23:16','2018-10-10 15:23:16',NULL,NULL,NULL,NULL),(493,'Esther','Omosule',0,'08023064083','2018-10-10','112 road, A Close, House 1, Gowon Estate','',32,NULL,'2018-10-10 15:24:47','2018-10-10 15:24:47',NULL,NULL,NULL,NULL),(494,'Olamide','Adeshoye',0,'08033949521','2018-10-10','4a, irepodun Street, Amosun, Behind Abesan Estate Ipaja.','',32,NULL,'2018-10-10 15:26:21','2018-10-10 15:26:21',NULL,NULL,NULL,NULL),(495,'Adebunmi','Fashina',0,'09093855065','2018-10-10','3, Sound hope Avenue Ipaja','',32,NULL,'2018-10-10 15:27:49','2018-10-10 15:27:49',NULL,NULL,NULL,NULL),(496,'Olusegun','Adenaike',0,'08023930769','2018-10-10','7A, Arefun Street, Ayobo','',32,NULL,'2018-10-10 15:29:14','2018-10-10 15:29:14',NULL,NULL,NULL,NULL),(497,'Adejoke','Akinteye',0,'08060348339','2018-10-10','DA Street, House 28, Shagari Estate','',32,NULL,'2018-10-10 15:30:40','2018-10-10 15:30:40',NULL,NULL,NULL,NULL),(498,'Carol','Owundinjo',0,'0806933894','2018-10-10','CH 7, Shagari Estate','',32,NULL,'2018-10-10 15:32:26','2018-10-10 15:32:26',NULL,NULL,NULL,NULL),(499,'Oluwabukola','Anjorin',0,'07064388051','2018-10-10','52 road, Aclose, House 45, Gowon Estate','',32,NULL,'2018-10-10 15:34:53','2018-10-10 15:34:53',NULL,NULL,NULL,NULL),(500,'Abimbola','Lawal',0,'08029071333','2018-10-10','Plot 174, A close, 111 road, 1st Avenue','',32,NULL,'2018-10-10 15:36:36','2018-10-10 15:36:36',NULL,NULL,NULL,NULL),(501,'Akosile-Olu','Olatayo',0,'08037008103','2018-10-10','2, Segun Finnih Crescent, Fagba','',32,NULL,'2018-10-10 15:38:03','2018-10-10 15:38:03',NULL,NULL,NULL,NULL),(502,'Olufunmilayo','Alawode',0,'08038435601','2018-10-10','4, Ayinla Akinsola Iyana ipaja','',32,NULL,'2018-10-10 15:39:51','2018-10-10 15:39:51',NULL,NULL,NULL,NULL),(503,'Titilayo','Ebhoma',0,'08034290830','2018-10-10','13, Akewula Close, Mosan','',32,NULL,'2018-10-10 15:41:07','2018-10-10 15:41:07',NULL,NULL,NULL,NULL),(504,'Opeoluwa','Williams',0,'07037117288','2018-10-10','4, Unity Close, Off Akonwowo Street, Iyana ipaja','',32,NULL,'2018-10-10 15:44:40','2018-10-10 15:44:40',NULL,NULL,NULL,NULL),(505,'Gbemisola','Adekunle',0,'08032785328','2018-10-10','9, Olaigbe Street, Baruwa','',32,NULL,'2018-10-10 15:47:57','2018-10-10 15:47:57',NULL,NULL,NULL,NULL),(506,'Abayomi Olabanji','Omowunmi',0,'08025374044','2018-10-10','411 road, Gowon Estate','',27,NULL,'2018-10-10 15:56:58','2018-10-10 15:56:58',NULL,NULL,NULL,NULL),(507,'David','Ayeni',0,'08187287713','2018-10-10','Shagari Estate','',27,NULL,'2018-10-10 16:03:03','2018-10-10 16:03:03',NULL,NULL,NULL,NULL),(508,'Abiola','Adekunle',0,'08060040113','2018-10-10','Baruwa','',27,NULL,'2018-10-10 16:06:56','2018-10-10 16:06:56',NULL,NULL,NULL,NULL),(509,'Taiwo','Olajide',0,'08036246381','2018-10-10','Baruwa','',27,NULL,'2018-10-10 16:10:51','2018-10-10 16:10:51',NULL,NULL,NULL,NULL),(510,'Zainab  oyiza','Lawal',0,'08169896667','2018-10-10','Shagari Estate','',27,NULL,'2018-10-10 16:12:14','2018-10-10 16:12:14',NULL,NULL,NULL,NULL),(511,'Tobi','Bamigbade',0,'09036231981','2018-10-10','Water Bus stop','',27,NULL,'2018-10-10 16:13:34','2018-10-10 16:13:34',NULL,NULL,NULL,NULL),(512,'Bimpe','Olofin',0,'08039404124','2018-10-10','Water Bus stop','',27,NULL,'2018-10-10 16:15:28','2018-10-10 16:15:28',NULL,NULL,NULL,NULL),(513,'Victoria Oyiza','Itodo',0,'08154785870','2018-10-10','Abesan Estate Gate','',27,NULL,'2018-10-10 16:16:44','2018-10-10 16:16:44',NULL,NULL,NULL,NULL),(514,'Yinka','Egberongbe',0,'08028368265','2018-10-10','Shagari Estate','',27,NULL,'2018-10-10 16:17:51','2018-10-10 16:17:51',NULL,NULL,NULL,NULL),(515,'Ayodele','Ogunrinde',0,'09054406907','2018-10-10','Gowon Estate','',27,NULL,'2018-10-10 16:18:57','2018-10-10 16:18:57',NULL,NULL,NULL,NULL),(516,'Aderonke','Olamiposi',0,'08186462586','2018-10-30','Ayobo','',24,NULL,'2018-10-30 16:27:43','2018-10-30 16:27:43',NULL,NULL,NULL,NULL),(517,'Folashade','Akanbi',0,'08106312075','2018-10-30','Gowon Estate','',24,NULL,'2018-10-30 16:29:50','2018-10-30 16:29:50',NULL,NULL,NULL,NULL),(518,'Olushola','Abatan',0,'08123479969','2018-10-30','Command','',24,NULL,'2018-10-30 16:31:47','2018-10-30 16:31:47',NULL,NULL,NULL,NULL),(519,'Hope','Adoji',0,'07036191142','2018-10-30','Egbeda','',24,NULL,'2018-10-30 16:32:36','2018-10-30 16:32:36',NULL,NULL,NULL,NULL),(520,'Samuel','ibikunle',0,'08092376821','2018-10-30','','',24,NULL,'2018-10-30 16:33:30','2018-10-30 16:33:30',NULL,NULL,NULL,NULL),(521,'Olawunmi','Banjo',0,'08038110021','2018-10-30','Baruwa','',24,NULL,'2018-10-30 16:35:05','2018-10-30 16:35:05',NULL,NULL,NULL,NULL),(522,'Elizabeth','Uwhere',0,'08085795555','2018-10-30','Abesan Estate','',24,NULL,'2018-10-30 16:36:18','2018-10-30 16:36:18',NULL,NULL,NULL,NULL),(523,'Iyabode Victoria','Abifarin',0,'','2018-10-30','','',2,NULL,'2018-10-30 17:23:37','2018-10-30 17:23:37',NULL,NULL,NULL,NULL),(524,'Stephen ','Orororo',0,'09053334428','2018-10-30','Bode Thomas, Surulere','',2,NULL,'2018-10-30 17:30:16','2018-10-30 17:30:16',NULL,NULL,NULL,NULL),(525,'Faith','Ikekhide',0,'08023032941','2018-10-30','111 road, off 11 rd Gowon, Estate.','',2,NULL,'2018-10-30 17:33:00','2018-11-03 19:27:21',NULL,NULL,NULL,NULL),(526,'Oluseye','Olufisayo',0,'08032119041','2018-10-30','Egbeda','',2,NULL,'2018-10-30 17:45:23','2018-10-30 17:45:47',NULL,NULL,NULL,NULL),(527,'Titilayo','Akimade',0,'08187767708','2018-10-30','','',24,NULL,'2018-10-30 17:48:39','2018-10-30 17:48:39',NULL,NULL,NULL,NULL),(528,'Damilola','Adedugbagbe',0,'08038476259','2018-10-30','Ipaja','',24,NULL,'2018-10-30 17:49:30','2018-10-30 17:49:30',NULL,NULL,NULL,NULL),(529,'Solomon','Adeniran',0,'09053506145','2018-10-30','','',2,NULL,'2018-10-30 17:54:53','2018-10-30 17:54:53',NULL,NULL,NULL,NULL),(530,'Oluwabunmi','Adiyan',0,'08060285295','2018-10-30','Water Bus Stop, Ipaja.','',2,NULL,'2018-10-30 19:07:47','2018-10-30 19:07:47',NULL,NULL,NULL,NULL),(531,'Julie','Akande',0,'09037332780','2018-10-30','','',2,NULL,'2018-10-30 19:10:15','2018-10-30 19:10:15',NULL,NULL,NULL,NULL),(532,'Babatunde','Oluwole',0,'08145184518','2018-10-30','','',2,NULL,'2018-10-30 19:12:36','2018-10-30 19:12:36',NULL,NULL,NULL,NULL),(533,'Babatunde','Akinteye',0,'08133796828','2018-10-30','','',2,NULL,'2018-10-30 19:20:43','2018-10-30 19:20:43',NULL,NULL,NULL,NULL),(534,'Olufunmilola','Ibirogba',0,'08038633968','2018-10-30','','',2,NULL,'2018-10-30 19:21:58','2018-10-30 19:21:58',NULL,NULL,NULL,NULL),(535,'Oluwafemi','Alabi',0,'08037789240','2018-10-30','','',2,NULL,'2018-10-30 19:22:55','2018-10-30 19:22:55',NULL,NULL,NULL,NULL),(536,'Gabriel','Amusan',0,'08035744011','2018-10-30','','',2,NULL,'2018-10-30 19:23:46','2018-10-30 19:23:46',NULL,NULL,NULL,NULL),(537,'Otti','Bodurin',0,'07087771791','2018-10-30','Ipaja','',2,NULL,'2018-10-30 19:24:36','2018-10-30 19:24:36',NULL,NULL,NULL,NULL),(538,'Ajai','Lekan',0,'08023096185','2018-10-30','','',2,NULL,'2018-10-30 19:25:19','2018-10-30 19:25:19',NULL,NULL,NULL,NULL),(539,'Oladunni','Olabode',0,'08163408444','2018-10-30','','',2,NULL,'2018-10-30 19:26:00','2018-10-30 19:26:00',NULL,NULL,NULL,NULL),(540,'Gbemisola','Olowofela',0,'','2018-10-30','','',17,2,'2018-10-30 19:26:55','2018-10-30 19:26:55',NULL,NULL,NULL,NULL),(541,'Oluwaseyi','Osinaike',0,'08149509675','2018-10-30','','',2,NULL,'2018-10-30 19:27:37','2018-10-30 19:27:37',NULL,NULL,NULL,NULL),(542,'Olumide','Otunla',0,'08034054073','2018-10-30','Ipaja','',2,NULL,'2018-10-30 19:28:20','2018-10-30 19:28:20',NULL,NULL,NULL,NULL),(543,'Emmanuel','Odita',0,'08034715915','2018-10-30','Gemade Estate','',2,NULL,'2018-10-30 19:29:19','2018-10-30 19:29:19',NULL,NULL,NULL,NULL),(544,'Viola','Nneji',0,'08035198828','2018-10-30','Abesan Estate','',24,NULL,'2018-10-30 19:30:14','2018-10-30 19:30:14',NULL,NULL,NULL,NULL),(545,'Adenike','Bakare',0,'08097274641','2018-10-30','Ipaja','',2,NULL,'2018-10-30 19:30:52','2018-10-30 19:30:52',NULL,NULL,NULL,NULL),(546,'Toju','Jonathan',0,'08054725287','2018-10-30','','',2,NULL,'2018-10-30 19:31:47','2018-10-30 19:31:47',NULL,NULL,NULL,NULL),(547,'Samuel','Okoh',0,'0803041410','2018-10-30','','',2,NULL,'2018-10-30 19:32:48','2018-10-30 19:32:48',NULL,NULL,NULL,NULL),(548,'Augustine','Ikeri',0,'08169602023','2018-10-30','','',2,NULL,'2018-10-30 19:33:48','2018-10-30 19:33:48',NULL,NULL,NULL,NULL),(549,'Seun','Soladoye',0,'07032713220','2018-10-30','','',2,NULL,'2018-10-30 19:35:26','2018-10-30 19:35:26',NULL,NULL,NULL,NULL),(550,'DCNS. Kuforji','Kuforji',0,'08023134312','2018-10-31','113 rd, Gowon estate','',1,NULL,'2018-10-31 11:04:33','2018-10-31 11:04:33',NULL,NULL,NULL,NULL),(551,'Elder Gloria','Ogunjobi',0,'08071012328','2018-10-31','Aboru','',1,NULL,'2018-10-31 11:06:26','2018-10-31 11:06:26',NULL,NULL,NULL,NULL),(552,'Elder Samuel','Obafemi',0,'0803573264','2018-10-31','Ipaja','',24,NULL,'2018-10-31 11:07:37','2018-10-31 11:07:37',NULL,NULL,NULL,NULL),(553,'Elder Olayemi','Obafemi',0,'08023458946','2018-10-31','Ipaja','',1,NULL,'2018-10-31 11:08:36','2018-10-31 11:08:36',NULL,NULL,NULL,NULL),(554,'Elder Akinyemi','Abayomi',0,'08065099889','2018-10-31','Ayobo','',1,NULL,'2018-10-31 11:10:06','2018-10-31 11:10:06',NULL,NULL,NULL,NULL),(555,'Henry','Bello',0,'08171918043','2018-10-31','Ipaja','',1,NULL,'2018-10-31 11:11:39','2018-10-31 11:11:39',NULL,NULL,NULL,NULL),(556,'Oluwakemi','Odunuga',0,'08028636649','2018-10-31','ipaja','',1,NULL,'2018-10-31 11:12:44','2018-10-31 11:12:44',NULL,NULL,NULL,NULL),(557,'Gbemisola','Olude',0,'08035799516','2018-10-31','','',1,NULL,'2018-10-31 11:14:02','2018-10-31 11:14:02',NULL,NULL,NULL,NULL),(558,'Chidi','Ochem',0,'0909918300','2018-10-31','Abesan Estate','',1,NULL,'2018-10-31 11:21:19','2018-10-31 11:21:19',NULL,NULL,NULL,NULL),(559,'Sis. Ayomide','Oyeniyi',0,'08095138228','2018-10-31','abesan','',1,NULL,'2018-10-31 11:24:10','2018-10-31 11:24:10',NULL,NULL,NULL,NULL),(560,'Collins','Okunbor',0,'08156642718','2018-10-31','Gowon Estate','',1,NULL,'2018-10-31 11:25:59','2018-10-31 11:25:59',NULL,NULL,NULL,NULL),(561,'Oluwasegun','Okunsanmi',0,'07059643743','2018-10-31','Gowon Estate','',1,NULL,'2018-10-31 11:32:29','2018-10-31 11:32:29',NULL,NULL,NULL,NULL),(562,'Seye','Odufuwa',0,'07036120916','2018-10-31','','',1,NULL,'2018-10-31 11:34:37','2018-10-31 11:34:37',NULL,NULL,NULL,NULL),(563,'Julius','Adiyan',0,'08039187241','2018-10-31','Water Bus Stop, Ipaja.','',1,NULL,'2018-10-31 11:35:29','2018-10-31 11:35:29',NULL,NULL,NULL,NULL),(564,'Juliet','Amolo',0,'07013720014','2018-10-31','','',1,NULL,'2018-10-31 11:36:06','2018-10-31 11:36:06',NULL,NULL,NULL,NULL),(565,'Alegbe','Olaketan',0,'08030422404','2018-10-31','Oluwaga, Ipaja','',1,NULL,'2018-10-31 11:37:34','2018-10-31 11:37:34',NULL,NULL,NULL,NULL),(566,'Abimbola','Ogunyemi',0,'08034076014','2018-10-31','Gemade Estate','',1,NULL,'2018-10-31 11:38:35','2018-10-31 11:38:35',NULL,NULL,NULL,NULL),(567,'Stella','Agbonlahor',0,'08065754125','2018-10-31','Okunola','',1,NULL,'2018-10-31 11:39:36','2018-10-31 11:39:36',NULL,NULL,NULL,NULL),(569,'Gabriel','Balogun Gomez',0,'07082469248','2018-11-02','Gemade Estate','',3,2,'2018-11-02 10:13:25','2018-11-02 10:13:25',NULL,NULL,NULL,NULL),(570,'Funke ','Olorunyomi',0,'','2018-11-02','','',3,NULL,'2018-11-02 10:24:14','2018-11-02 10:24:14',NULL,NULL,NULL,NULL),(571,'Osadunkwu','Ifeyinwa',0,'08060796094','2018-11-02','','',3,NULL,'2018-11-02 10:25:44','2018-11-02 10:25:44',NULL,NULL,NULL,NULL),(572,'Fejiro','Egwero',0,'08032528240','2018-11-02','','',3,NULL,'2018-11-02 10:26:22','2018-11-02 10:26:22',NULL,NULL,NULL,NULL),(573,'Kemi','Adigun',0,'08055093348','2018-11-02','','',3,NULL,'2018-11-02 10:26:58','2018-11-02 10:26:58',NULL,NULL,NULL,NULL),(574,'Kemi','Oshidiya',0,'08184149664','2018-11-02','','',3,NULL,'2018-11-02 10:27:30','2018-11-02 10:27:30',NULL,NULL,NULL,NULL),(575,'Esther','Orogun',0,'08028518600','2018-11-02','','',3,NULL,'2018-11-02 10:28:05','2018-11-02 10:28:05',NULL,NULL,NULL,NULL),(576,'Tomiwa','Okunoye',0,'08038587423','2018-11-02','','',24,NULL,'2018-11-02 10:28:51','2018-11-02 10:28:51',NULL,NULL,NULL,NULL),(577,'Ogolo','Stanley',0,'08038531448','2018-11-02','','',3,NULL,'2018-11-02 10:29:33','2018-11-02 10:29:33',NULL,NULL,NULL,NULL),(578,'Kadri Tina','Nkechi',0,'','2018-11-02','Gowon','',3,NULL,'2018-11-02 10:30:02','2018-11-02 10:30:02',NULL,NULL,NULL,NULL),(579,'Taiwo','Oluyemi',0,'07085150643','2018-11-02','','',3,NULL,'2018-11-02 10:31:00','2018-11-02 10:31:00',NULL,NULL,NULL,NULL),(580,'Olokode','Abiola',0,'08059756056','2018-11-02','','',24,NULL,'2018-11-02 10:31:32','2018-11-02 10:31:32',NULL,NULL,NULL,NULL),(581,'Dcns. Abimbola Dorcas','Ogunjobi',0,'08028379150','2018-11-02','Abesan Estate','',8,10,'2018-11-02 10:33:39','2018-11-02 10:33:39',NULL,NULL,NULL,NULL),(582,'Greg','Isitua',0,'08035216821','2018-11-02','Ipaja','',3,NULL,'2018-11-02 10:34:57','2018-11-02 10:34:57',NULL,NULL,NULL,NULL),(583,'Tarila','Oyelowo',0,'08024498650','2018-11-02','Gowon Estate','',3,NULL,'2018-11-02 10:36:31','2018-11-02 10:36:31',NULL,NULL,NULL,NULL),(584,'Ifeoluwa','Oyebanji',0,'08082440063','2018-11-02','Abesan Estate','',3,NULL,'2018-11-02 10:37:46','2018-11-02 10:37:46',NULL,NULL,NULL,NULL),(585,'Temitope','Adeniyi',0,'08023600101','2018-11-02','Abesan Estate','',7,NULL,'2018-11-02 10:39:38','2018-11-02 10:39:38',NULL,NULL,NULL,NULL),(586,'Oyetunde','Adejumo',0,'08035821473','2018-11-02','Olude, Ipaja','',7,NULL,'2018-11-02 10:43:42','2018-11-02 10:43:42',NULL,NULL,NULL,NULL),(587,'Adejoke Oluwayemisi','Ogundiran',0,'08068652481','2018-11-02','','',7,NULL,'2018-11-02 10:47:26','2018-11-02 10:47:26',NULL,NULL,NULL,NULL),(588,'Kenneth Chukwuemota','Anukwa',0,'08032067137','2018-11-02','','',7,NULL,'2018-11-02 10:50:04','2018-11-02 10:50:04',NULL,NULL,NULL,NULL),(589,'Elamah','Martina',0,'08035366957','2018-11-03','Gowon estate','',10,NULL,'2018-11-03 15:37:46','2018-11-03 15:37:46',NULL,NULL,NULL,NULL),(590,'Blessing','Oluyemi',0,'0813548878','2018-11-03','Abesan Estate Ipaja.','',10,NULL,'2018-11-03 15:41:47','2018-11-03 15:41:47',NULL,NULL,NULL,NULL),(591,'Maria','Inyamah',0,'08063065347','2018-11-03','Abesan Estate Ipaja','',10,NULL,'2018-11-03 15:44:06','2018-11-03 15:44:06',NULL,NULL,NULL,NULL),(592,'Opeyemi','Akinsanya',0,'08089196455','2018-11-03','Gate, Ipaja','',10,NULL,'2018-11-03 15:47:39','2018-11-03 15:47:39',NULL,NULL,NULL,NULL),(593,'Elizabeth ','Shodehinde',0,'08054518060','2018-11-03','Abesan Estate, Ipaja','',10,NULL,'2018-11-03 15:49:22','2018-11-03 15:49:22',NULL,NULL,NULL,NULL),(594,'Oladokun','Olayinka',0,'08174329615','2018-11-03','Ponle. Bustop','',10,NULL,'2018-11-03 15:52:11','2018-11-03 15:52:11',NULL,NULL,NULL,NULL),(595,'Olumide','Otunla',0,'08034053073','2018-11-03','Ikola, Ipaja','',10,NULL,'2018-11-03 15:53:40','2018-11-03 15:53:40',NULL,NULL,NULL,NULL),(596,'Preye','Okpara',0,'08134935877','2018-11-03','','',10,NULL,'2018-11-03 15:54:46','2018-11-03 15:54:46',NULL,NULL,NULL,NULL),(597,'Adeola','Adeoye',0,'08160814313','2018-11-03','','',10,NULL,'2018-11-03 15:57:52','2018-11-03 15:57:52',NULL,NULL,NULL,NULL),(598,'Abiola','Abiodun',0,'09037503943','2018-11-03','Unity Avenue, Majiyagbe','',10,NULL,'2018-11-03 15:59:50','2018-11-03 15:59:50',NULL,NULL,NULL,NULL),(599,'Michael','Bankole',0,'0909663663284','2018-11-03','Ipaja','',10,NULL,'2018-11-03 16:01:42','2018-11-03 16:01:42',NULL,NULL,NULL,NULL),(600,'Christiana','Oloyede',0,'09062670985','2018-11-03','','',10,NULL,'2018-11-03 16:03:28','2018-11-03 16:03:28',NULL,NULL,NULL,NULL),(601,'Esther olaide','Afeni',0,'08023241387','2018-11-03','Iseri','',31,NULL,'2018-11-03 16:05:55','2018-11-03 16:05:55',NULL,NULL,NULL,NULL),(602,'Omolola ','Omowunmi',0,'08029602326','2018-11-03','Baruwa','',31,NULL,'2018-11-03 16:14:19','2018-11-03 16:14:19',NULL,NULL,NULL,NULL),(603,'Kanayo Chukwu peter','Osadunkwu',0,'08033856556','2018-11-03','Gowon Estate ','',31,NULL,'2018-11-03 16:16:19','2018-11-03 16:16:19',NULL,NULL,NULL,NULL),(604,'Mathew ','Azolibe',0,'08088399393','2018-11-03','Baruwa','',31,NULL,'2018-11-03 16:18:40','2018-11-03 18:43:34',NULL,NULL,NULL,NULL),(605,'Oluwatosin','Sodeinde',0,'07036885160','2018-11-03','Idinmu','',31,NULL,'2018-11-03 16:20:28','2018-11-03 16:20:28',NULL,NULL,NULL,NULL),(606,'Ijeoma','Odenena',0,'08030902234','2018-11-03','Command','',31,NULL,'2018-11-03 16:21:27','2018-11-03 16:21:27',NULL,NULL,NULL,NULL),(607,'Shola','Oladejo',0,'07062594160','2018-11-03','Baruwa','',31,NULL,'2018-11-03 16:23:32','2018-11-03 16:23:32',NULL,NULL,NULL,NULL),(608,'Adetunji','Fashina',0,'08184824023','2018-11-03','Inherited Estate, Ota, Ogun','',4,NULL,'2018-11-03 16:26:58','2018-11-03 16:26:58',NULL,NULL,NULL,NULL),(609,'Sis.Tolu','Ajewole',0,'08055124848','2018-11-03','Egbeda','',4,NULL,'2018-11-03 16:29:36','2018-11-03 16:29:36',NULL,NULL,NULL,NULL),(610,'Christy','Elakhe',0,'08058737989','2018-11-03','Ponle Bustop','',4,NULL,'2018-11-03 16:31:31','2018-11-03 16:31:31',NULL,NULL,NULL,NULL),(611,'Olayinka','Adesanya',0,'0812686313','2018-11-03','3rd Avenue, Gowon estate','',12,12,'2018-11-03 16:40:31','2018-11-03 16:40:31',NULL,NULL,NULL,NULL),(612,'Patience','Sawyeer',0,'08033376016','2018-11-03','Okunola, Egbeda.','',12,NULL,'2018-11-03 16:42:24','2018-11-03 16:42:24',NULL,NULL,NULL,NULL),(613,'Emmanuel idiong','Eseme',0,'08033114925','2018-11-03','Shagari Estate ','',12,NULL,'2018-11-03 16:44:22','2018-11-03 16:44:22',NULL,NULL,NULL,NULL),(614,'Caroline Abosede ','Anjorin',0,'08037278759','2018-11-03','52 road, Gowon Estate ','',12,NULL,'2018-11-03 18:28:49','2018-11-03 18:28:49',NULL,NULL,NULL,NULL),(615,'Israel','Adebayo',0,'08038980796','2018-11-03','Water bustop Ipaja','',24,12,'2018-11-03 18:30:57','2018-11-03 18:30:57',NULL,NULL,NULL,NULL),(616,'Mary','Ogundele',0,'08032773046','2018-11-03','Shagari Estate, Pako ','',12,NULL,'2018-11-03 18:33:53','2018-11-03 18:33:53',NULL,NULL,NULL,NULL),(617,'Elizabeth ','Adenobi',0,'08023225088','2018-11-03','Opkeki, ipaja','',12,NULL,'2018-11-03 18:37:13','2018-11-03 18:37:13',NULL,NULL,NULL,NULL),(618,'Folorunsho','Anwo',0,'07033725842','2018-11-03','Igando','',12,NULL,'2018-11-03 19:22:22','2018-11-03 19:22:22',NULL,NULL,NULL,NULL),(619,'Elizabeth','Taiwo',0,'07033725842','2018-11-03','Abesan Estate','',12,NULL,'2018-11-03 19:24:32','2018-11-03 19:24:32',NULL,NULL,NULL,NULL),(620,'Kehinde','Obanla',0,'08033637853','2018-11-03','Shagari Estate','',12,NULL,'2018-11-03 19:33:42','2018-11-03 19:33:42',NULL,NULL,NULL,NULL);
/*!40000 ALTER TABLE `employees` ENABLE KEYS */;
UNLOCK TABLES;

--
-- Table structure for table `migrations`
--

DROP TABLE IF EXISTS `migrations`;
/*!40101 SET @saved_cs_client     = @@character_set_client */;
/*!40101 SET character_set_client = utf8 */;
CREATE TABLE `migrations` (
  `migration` varchar(255) COLLATE utf8_unicode_ci NOT NULL,
  `batch` int(11) NOT NULL
) ENGINE=InnoDB DEFAULT CHARSET=utf8 COLLATE=utf8_unicode_ci;
/*!40101 SET character_set_client = @saved_cs_client */;

--
-- Dumping data for table `migrations`
--

LOCK TABLES `migrations` WRITE;
/*!40000 ALTER TABLE `migrations` DISABLE KEYS */;
INSERT INTO `migrations` VALUES ('2014_10_12_000000_create_users_table',1),('2014_10_12_100000_create_password_resets_table',1),('2016_07_06_132819_create_departments_table',1),('2016_07_06_133506_create_employees_table',1),('2016_07_06_133927_create_attendances_table',1),('2016_07_07_122810_make_secondary_department_nullable_in_departments_table',2),('2016_08_20_095054_make_changes_for_new_xls_format',3);
/*!40000 ALTER TABLE `migrations` ENABLE KEYS */;
UNLOCK TABLES;

--
-- Table structure for table `password_resets`
--

DROP TABLE IF EXISTS `password_resets`;
/*!40101 SET @saved_cs_client     = @@character_set_client */;
/*!40101 SET character_set_client = utf8 */;
CREATE TABLE `password_resets` (
  `email` varchar(255) COLLATE utf8_unicode_ci NOT NULL,
  `token` varchar(255) COLLATE utf8_unicode_ci NOT NULL,
  `created_at` timestamp NOT NULL DEFAULT CURRENT_TIMESTAMP ON UPDATE CURRENT_TIMESTAMP,
  KEY `password_resets_email_index` (`email`),
  KEY `password_resets_token_index` (`token`)
) ENGINE=InnoDB DEFAULT CHARSET=utf8 COLLATE=utf8_unicode_ci;
/*!40101 SET character_set_client = @saved_cs_client */;

--
-- Dumping data for table `password_resets`
--

LOCK TABLES `password_resets` WRITE;
/*!40000 ALTER TABLE `password_resets` DISABLE KEYS */;
/*!40000 ALTER TABLE `password_resets` ENABLE KEYS */;
UNLOCK TABLES;

--
-- Table structure for table `tag`
--

DROP TABLE IF EXISTS `tag`;
/*!40101 SET @saved_cs_client     = @@character_set_client */;
/*!40101 SET character_set_client = utf8 */;
CREATE TABLE `tag` (
  `id` int(11) NOT NULL AUTO_INCREMENT,
  `transfer_id` text NOT NULL,
  `group_name` varchar(255) NOT NULL DEFAULT 'Group 1',
  PRIMARY KEY (`id`)
) ENGINE=InnoDB AUTO_INCREMENT=52 DEFAULT CHARSET=latin1;
/*!40101 SET character_set_client = @saved_cs_client */;

--
-- Dumping data for table `tag`
--

LOCK TABLES `tag` WRITE;
/*!40000 ALTER TABLE `tag` DISABLE KEYS */;
INSERT INTO `tag` VALUES (24,'201,15','group4'),(25,'20','group3'),(26,'201,298,259,186,294,12','group3'),(27,'158,30','group1'),(28,'186,294,120,12','group2'),(29,'201,15','group4'),(30,'201,15','group3'),(31,'361,30','group4'),(32,'361,30','group3'),(33,'110,12','group5'),(34,'361,30','group4'),(35,'361,300,351,10','group3'),(36,'361,30','group3'),(37,'117,21','group3'),(38,'110,12','group3'),(39,'304,18','group3'),(40,'99,34','group1'),(41,'361,30','group1'),(42,'62,298,124,10','group4'),(43,'10','group4'),(44,'20','group1'),(45,'28','group3'),(46,'6','group1'),(47,'5','group3'),(48,'6','group4'),(49,'296,33','group1'),(50,'265,152,176,173,226,43,296,33','group1'),(51,'248,30,65,12','group3');
/*!40000 ALTER TABLE `tag` ENABLE KEYS */;
UNLOCK TABLES;

--
-- Table structure for table `transfer`
--

DROP TABLE IF EXISTS `transfer`;
/*!40101 SET @saved_cs_client     = @@character_set_client */;
/*!40101 SET character_set_client = utf8 */;
CREATE TABLE `transfer` (
  `id` int(11) NOT NULL AUTO_INCREMENT,
  `transfer_id` text NOT NULL,
  `group_id` varchar(255) NOT NULL DEFAULT 'Group 1',
  PRIMARY KEY (`id`)
) ENGINE=InnoDB AUTO_INCREMENT=43 DEFAULT CHARSET=latin1;
/*!40101 SET character_set_client = @saved_cs_client */;

--
-- Dumping data for table `transfer`
--

LOCK TABLES `transfer` WRITE;
/*!40000 ALTER TABLE `transfer` DISABLE KEYS */;
INSERT INTO `transfer` VALUES (31,'252,57','Group 1'),(32,'315,124,128','Group 1'),(33,'347,268,230,101','Group 1'),(34,'49,48,82,228,126,207,191','Group 1'),(35,'172,20','Group 1'),(36,'224,160,161','Group 1'),(37,'171,330,177,249','Group 1'),(38,'122,81','Group 1'),(39,'79,247','Group 1'),(40,'178,190','Group 1'),(41,'338','Group 1'),(42,'120','Group 1');
/*!40000 ALTER TABLE `transfer` ENABLE KEYS */;
UNLOCK TABLES;

--
-- Table structure for table `users`
--

DROP TABLE IF EXISTS `users`;
/*!40101 SET @saved_cs_client     = @@character_set_client */;
/*!40101 SET character_set_client = utf8 */;
CREATE TABLE `users` (
  `id` int(10) unsigned NOT NULL AUTO_INCREMENT,
  `name` varchar(255) COLLATE utf8_unicode_ci NOT NULL,
  `email` varchar(255) COLLATE utf8_unicode_ci NOT NULL,
  `password` varchar(255) COLLATE utf8_unicode_ci NOT NULL,
  `remember_token` varchar(100) COLLATE utf8_unicode_ci DEFAULT NULL,
  `created_at` timestamp NULL DEFAULT NULL,
  `updated_at` timestamp NULL DEFAULT NULL,
  PRIMARY KEY (`id`),
  UNIQUE KEY `users_email_unique` (`email`)
) ENGINE=InnoDB AUTO_INCREMENT=11 DEFAULT CHARSET=utf8 COLLATE=utf8_unicode_ci;
/*!40101 SET character_set_client = @saved_cs_client */;

--
-- Dumping data for table `users`
--

LOCK TABLES `users` WRITE;
/*!40000 ALTER TABLE `users` DISABLE KEYS */;
INSERT INTO `users` VALUES (1,'Administrator','root@site.ru','$2y$10$tDaUtKPWhAYUmLAfI1m2EOvoL9xeY6yMYROcg3uuMMgDz8ejPye32',NULL,'2016-07-07 14:40:33','2016-07-07 16:15:25'),(2,'Rotimi Olorunyomi','support@69ideas.com','$2y$10$waiIcnUUrePOFrkZNhb90uf.XiJc4hfkiRg7ARzXgNb9D1d.6XiSu',NULL,'2016-07-07 16:14:58','2017-03-02 17:49:24'),(3,'Bro Shola Akindele','samuelakindele00@yahoo.com','$2y$10$lLcIcoZA1vG1jjy1hA3vnOvbXN9hMklrJFhWn/35n485zycqVVCEi',NULL,'2016-08-20 17:00:56','2018-11-03 18:20:06'),(4,'Pastor Ola Adejubee','olasadejubee@gmail.com','$2y$10$vhAwZos3ko5C9JXlArykl..MOjBKZ.yYkFegh2m.nzwKtMJ7jTLbe',NULL,'2016-08-20 22:13:34','2017-01-26 18:14:26'),(6,'Sis Wunmi ','prudenceadepetu@yahoo.com','$2y$10$KmIXZX6WTplCcU6JKWAao.ykY4e.zkq6AaRmpPAVElE9gbGftzlg2',NULL,'2016-10-30 01:57:40','2016-11-14 17:26:32'),(8,'Oyenuga Oyetola','oyenugatola@yahoo.com','$2y$10$K7VXq7xFWwYNQ5.aw/4i4e6lPFjxFLIeb1p9IymbhRhwODMdRCwFi',NULL,'2017-07-23 16:09:40','2017-07-23 16:09:40'),(9,'Oriayo Charles','oriayocharles@yahoo.com','$2y$10$CO7EfqO8T7N7WV/41367PeNSRBapA3Q/5/hMs6/TFWhOY2mUz3ZaW',NULL,'2017-07-23 16:20:32','2018-09-11 10:18:44'),(10,'Oluwole Babatunde','oluwoleisaac@yahoo.com','$2y$10$pT1zCYWtejyPl3QYLUNqseX7xJFCtqLuzVymJreVRHgZS.7sIrJ5y',NULL,'2017-07-23 16:21:48','2017-07-23 16:21:48');
/*!40000 ALTER TABLE `users` ENABLE KEYS */;
UNLOCK TABLES;
/*!40103 SET TIME_ZONE=@OLD_TIME_ZONE */;

/*!40101 SET SQL_MODE=@OLD_SQL_MODE */;
/*!40014 SET FOREIGN_KEY_CHECKS=@OLD_FOREIGN_KEY_CHECKS */;
/*!40014 SET UNIQUE_CHECKS=@OLD_UNIQUE_CHECKS */;
/*!40101 SET CHARACTER_SET_CLIENT=@OLD_CHARACTER_SET_CLIENT */;
/*!40101 SET CHARACTER_SET_RESULTS=@OLD_CHARACTER_SET_RESULTS */;
/*!40101 SET COLLATION_CONNECTION=@OLD_COLLATION_CONNECTION */;
/*!40111 SET SQL_NOTES=@OLD_SQL_NOTES */;

-- Dump completed on 2019-04-25 15:58:29
